Workbook
Name Slicer_Energy_Category: #N/A
Name Slicer_Months__Log_Date: #N/A

Sheet pivot table
P1: KPIS
A2: Seasonal Energy Consumption Pattern | P2: No of Maintenance
A3: Row Labels | B3: Sum of Filled Energy Consumption | P3: 345 | Q3: =GETPIVOTDATA("Maintenance ID",$P$2) -> 345
A4: Jan | B4: 6189.3269
A5: Feb | B5: 7316.5318
A6: Mar | B6: 5342.9989
A7: Apr | B7: 4697.2471 | P7: Sum of Filled Energy Consumption
A8: May | B8: 5300.0491 | P8: 72761.604 | Q8: =GETPIVOTDATA("Filled Energy Consumption",$P$7) -> 72761.604
A9: Jun | B9: 6639.9979
A10: Jul | B10: 6951.2032
A11: Aug | B11: 7029.0162 | P11: Average HVAC Setting
A12: Sep | B12: 5551.9971 | P12: 3.047037 | Q12: =GETPIVOTDATA("HVAC Setting",$P$11) -> 3.047037
A13: Oct | B13: 5153.2933
A14: Nov | B14: 5348.3908
A15: Dec | B15: 7241.5513
A16: Grand Total | B16: 72761.604 | P16: Average Temperature
P17: 69.787605 | Q17: =GETPIVOTDATA("Temperature",$P$16) -> 69.787605
A23: Seasonal Energy Consumption Pattern by Day
A24: Row Labels | B24: Average of Filled Energy Consumption
A25: 1 | B25: 17.547121
A26: 2 | B26: 17.508535
A27: 3 | B27: 17.516404
A28: 4 | B28: 18.481502
A29: 5 | B29: 17.169202
A30: 6 | B30: 19.034446
A31: 7 | B31: 17.883119
A32: 8 | B32: 18.645528
A33: 9 | B33: 17.55574
A34: 10 | B34: 17.9824
A35: 11 | B35: 17.890429
A36: 12 | B36: 18.025029
... A48: 24 | B48: 18.176408
A49: Grand Total | B49: 17.965828
A52: Time-of-Day Consumption Patterns
A53: Row Labels | B53: Average EC
A54: Evening | B54: 25.626313
A55: Afternoon | B55: 17.784512
A56: Morning | B56: 17.230257
A57: Night | B57: 15.041078
A58: Grand Total | B58: 17.965828
A64: Energy consumption relative to temperature, humidity
A65: Row Labels | B65: EnergyConsumption | C65: Humidity_ | D65: Temperature_
A66: Jan | B66: 6189.3269 | C66: 9999.5 | D66: 14482.5
A67: Feb | B67: 7316.5318 | C67: 11331.5 | D67: 16581
A68: Mar | B68: 5342.9989 | C68: 16198.4 | D68: 25378.5
A69: Apr | B69: 4697.2471 | C69: 14006.8 | D69: 21588.9
A70: May | B70: 5300.0491 | C70: 15652 | D70: 24296.7
A71: Jun | B71: 6639.9979 | C71: 17635.1 | D71: 29608.7
A72: Jul | B72: 6951.2032 | C72: 18970 | D72: 31458.9
A73: Aug | B73: 7029.0162 | C73: 18147.4 | D73: 30455.8
A74: Sep | B74: 5551.9971 | C74: 15459.1 | D74: 24170.7
A75: Oct | B75: 5153.2933 | C75: 15307.7 | D75: 23897.1
A76: Nov | B76: 5348.3908 | C76: 16010.7 | D76: 24513.4
A77: Dec | B77: 7241.5513 | C77: 11130.1 | D77: 16207.6
A78: Grand Total | B78: 72761.604 | C78: 179848.3 | D78: 282639.8
A82: Occupancy on Energy Usage
A83: Row Labels | B83: Average EC
A84: FALSE | B84: 13.737563
A85: TRUE | B85: 22.52385
A86: Grand Total | B86: 17.965828
A89: Appliance Usage on Energy Usage
A90: Row Labels | B90: Average EC
A91: 0 | B91: 14.851067
A92: 1 | B92: 20.843838
A93: Grand Total | B93: 17.965828
A97: Energy Preferences on Energy Usage
A98: Row Labels | B98: Average EC
A99: cooler | B99: 17.963195
A100: neutral | B100: 17.734959
A101: warmer | B101: 18.299215
A102: Grand Total | B102: 17.965828
A104: HVAC Setting Distribution
A105: Row Labels | B105: Count of HVAC Category
A106: High | B106: 1984
A107: Low | B107: 1290
A108: Normal | B108: 776
A109: Grand Total | B109: 4050
A113: HVAC Setting on EC
A114: Row Labels | B114: Average EC
A115: High | B115: 23.652435
A116: Low | B116: 9.7504247
A117: Normal | B117: 17.083925
A118: Grand Total | B118: 17.965828
A128: Seasonal Maintence Trend
A129: Row Labels | B129: No of Maintenance | C129: Avg EC
A130: Jan | B130: 37 | C130: 18.081853
A131: Feb | B131: 22 | C131: 17.620884
A132: Mar | B132: 29 | C132: 18.191162
A133: Apr | B133: 35 | C133: 17.953026
A134: May | B134: 31 | C134: 17.78077
A135: Jun | B135: 23 | C135: 17.962838
A136: Jul | B136: 22 | C136: 17.925486
A137: Aug | B137: 22 | C137: 18.120017
A138: Sep | B138: 30 | C138: 17.519639
A139: Oct | B139: 31 | C139: 18.06619
A140: Nov | B140: 27 | C140: 17.806718
A141: Dec | B141: 36 | C141: 17.93031
A142: Grand Total | B142: 345 | C142: 17.91841
A145: Issue Type Distribution
A146: Row Labels | B146: Count of Maintenance ID
...

Sheet sensor_data
A1: Timestamp | B1: Column3 | C1: Time of Day | D1: Column2 | E1: Day | F1: Unit ID | G1: Column1 | H1: Temperature | I1: Humidity | J1: Occupancy Status | K1: HVAC Setting | L1: HVAC Category | M1: Energy Consumption | N1: EC | O1: z_zcore | P1: outlier | Q1: average | R1: Filled Energy Consumption | S1: Energy Category | T1: Tenant ID | U1: Occupancy | V1: Time Spent in Unit (Hours) | W1: Appliance Usage | X1: Energy Preferences
A2: 45422.982 | B2: =TEXT(sensor_data[[#This Row],[Timestamp]], "MMMM") -> May | C2: =IF(AND(HOUR(sensor_data[[#This Row],[Timestamp]])>=5, HOUR(sensor_data[[#This Row],[Timestamp]])<12), "Morning", IF(AND(HOUR(sensor_data[[#This Row],[Timestamp]])>=12, HOUR(sensor_data[[#This Row],[Timestamp]])<17), "Afternoon", IF(AND(HOUR(sensor_data[[#This Row],[Timestamp]])>=17, HOUR(sensor_data[[#This Row],[Timestamp]])<21), "Evening", "Night"))) -> Night | D2: =text([@Timestamp], "MMMM") | E2: =DAY(sensor_data[[#This Row],[Timestamp]]) -> 10 | F2: U327 | H2: 64.3 | I2: 40.2 | J2: FALSE | K2: 1 | L2: =IF(sensor_data[[#This Row],[HVAC Setting]]<=2, "Low", IF(sensor_data[[#This Row],[HVAC Setting]]=3, "Normal", "High")) -> Low | M2: 6 | N2: 6 | O2: =(sensor_data[[#This Row],[Energy Consumption]]-AVERAGE(sensor_data[Energy Consumption]))/_xlfn.STDEV.P(sensor_data[Energy Consumption]) -> -0.17909309 | P2: =IF(ABS(sensor_data[[#This Row],[z_zcore]])>3, "Outlier", "Normal") -> Normal | Q2: =AVERAGEIF(sensor_data[Unit ID], sensor_data[[#This Row],[Unit ID]], sensor_data[EC]) -> 18.586667 | R2: =IF(ISBLANK(sensor_data[[#This Row],[EC]]), sensor_data[[#This Row],[average]], sensor_data[[#This Row],[EC]]) -> 6 | S2: =IF(sensor_data[[#This Row],[Filled Energy Consumption]]>AVERAGE(sensor_data[Filled Energy Consumption]), "High", "Low") -> Low | T2: T158 | U2: FALSE | V2: 15 | W2: 1 | X2: warmer
A3: 45551.804 | B3: =TEXT(sensor_data[[#This Row],[Timestamp]], "MMMM") -> September | C3: =IF(AND(HOUR(sensor_data[[#This Row],[Timestamp]])>=5, HOUR(sensor_data[[#This Row],[Timestamp]])<12), "Morning", IF(AND(HOUR(sensor_data[[#This Row],[Timestamp]])>=12, HOUR(sensor_data[[#This Row],[Timestamp]])<17), "Afternoon", IF(AND(HOUR(sensor_data[[#This Row],[Timestamp]])>=17, HOUR(sensor_data[[#This Row],[Timestamp]])<21), "Evening", "Night"))) -> Evening | D3: =MONTH(sensor_data[[#This Row],[Timestamp]]) -> 9 | E3: =DAY(sensor_data[[#This Row],[Timestamp]]) -> 16 | F3: U327 | H3: 82.7 | I3: 37.9 | J3: TRUE | K3: 5 | L3: =IF(sensor_data[[#This Row],[HVAC Setting]]<=2, "Low", IF(sensor_data[[#This Row],[HVAC Setting]]=3, "Normal", "High")) -> High | M3: 30.17 | N3: 30.17 | O3: =(sensor_data[[#This Row],[Energy Consumption]]-AVERAGE(sensor_data[Energy Consumption]))/_xlfn.STDEV.P(sensor_data[Energy Consumption]) -> 0.10196336 | P3: =IF(ABS(sensor_data[[#This Row],[z_zcore]])>3, "Outlier", "Normal") -> Normal | Q3: =AVERAGEIF(sensor_data[Unit ID], sensor_data[[#This Row],[Unit ID]], sensor_data[EC]) -> 18.586667 | R3: =IF(ISBLANK(sensor_data[[#This Row],[EC]]), sensor_data[[#This Row],[average]], sensor_data[[#This Row],[EC]]) -> 30.17 | S3: =IF(sensor_data[[#This Row],[Filled Energy Consumption]]>AVERAGE(sensor_data[Filled Energy Consumption]), "High", "Low") -> High | T3: T273 | U3: TRUE | V3: 14 | W3: 1 | X3: warmer
A4: 45528.289 | B4: =TEXT(sensor_data[[#This Row],[Timestamp]], "MMMM") -> August | C4: =IF(AND(HOUR(sensor_data[[#This Row],[Timestamp]])>=5, HOUR(sensor_data[[#This Row],[Timestamp]])<12), "Morning", IF(AND(HOUR(sensor_data[[#This Row],[Timestamp]])>=12, HOUR(sensor_data[[#This Row],[Timestamp]])<17), "Afternoon", IF(AND(HOUR(sensor_data[[#This Row],[Timestamp]])>=17, HOUR(sensor_data[[#This Row],[Timestamp]])<21), "Evening", "Night"))) -> Morning | D4: =MONTH(sensor_data[[#This Row],[Timestamp]]) -> 8 | E4: =DAY(sensor_data[[#This Row],[Timestamp]]) -> 24 | F4: U327 | H4: 85.7 | I4: 61.1 | J4: TRUE | K4: 4.5 | L4: =IF(sensor_data[[#This Row],[HVAC Setting]]<=2, "Low", IF(sensor_data[[#This Row],[HVAC Setting]]=3, "Normal", "High")) -> High | M4: 28.36 | N4: 28.36 | O4: =(sensor_data[[#This Row],[Energy Consumption]]-AVERAGE(sensor_data[Energy Consumption]))/_xlfn.STDEV.P(sensor_data[Energy Consumption]) -> 0.080916103 | P4: =IF(ABS(sensor_data[[#This Row],[z_zcore]])>3, "Outlier", "Normal") -> Normal | Q4: =AVERAGEIF(sensor_data[Unit ID], sensor_data[[#This Row],[Unit ID]], sensor_data[EC]) -> 18.586667 | R4: =IF(ISBLANK(sensor_data[[#This Row],[EC]]), sensor_data[[#This Row],[average]], sensor_data[[#This Row],[EC]]) -> 28.36 | S4: =IF(sensor_data[[#This Row],[Filled Energy Consumption]]>AVERAGE(sensor_data[Filled Energy Consumption]), "High", "Low") -> High | T4: T258 | U4: TRUE | V4: 4 | W4: 1 | X4: cooler
A5: 45545.935 | B5: =TEXT(sensor_data[[#This Row],[Timestamp]], "MMMM") -> September | C5: =IF(AND(HOUR(sensor_data[[#This Row],[Timestamp]])>=5, HOUR(sensor_data[[#This Row],[Timestamp]])<12), "Morning", IF(AND(HOUR(sensor_data[[#This Row],[Timestamp]])>=12, HOUR(sensor_data[[#This Row],[Timestamp]])<17), "Afternoon", IF(AND(HOUR(sensor_data[[#This Row],[Timestamp]])>=17, HOUR(sensor_data[[#This Row],[Timestamp]])<21), "Evening", "Night"))) -> Night | D5: =MONTH(sensor_data[[#This Row],[Timestamp]]) -> 9 | E5: =DAY(sensor_data[[#This Row],[Timestamp]]) -> 10 | F5: U327 | H5: 61.2 | I5: 40.4 | J5: FALSE | K5: 2 | L5: =IF(sensor_data[[#This Row],[HVAC Setting]]<=2, "Low", IF(sensor_data[[#This Row],[HVAC Setting]]=3, "Normal", "High")) -> Low | M5: 10 | N5: 10 | O5: =(sensor_data[[#This Row],[Energy Consumption]]-AVERAGE(sensor_data[Energy Consumption]))/_xlfn.STDEV.P(sensor_data[Energy Consumption]) -> -0.13257982 | P5: =IF(ABS(sensor_data[[#This Row],[z_zcore]])>3, "Outlier", "Normal") -> Normal | Q5: =AVERAGEIF(sensor_data[Unit ID], sensor_data[[#This Row],[Unit ID]], sensor_data[EC]) -> 18.586667 | R5: =IF(ISBLANK(sensor_data[[#This Row],[EC]]), sensor_data[[#This Row],[average]], sensor_data[[#This Row],[EC]]) -> 10 | S5: =IF(sensor_data[[#This Row],[Filled Energy Consumption]]>AVERAGE(sensor_data[Filled Energy Consumption]), "High", "Low") -> Low | T5: T336 | U5: FALSE | V5: 22 | W5: 0 | X5: neutral
A6: 45582.715 | B6: =TEXT(sensor_data[[#This Row],[Timestamp]], "MMMM") -> October | C6: =IF(AND(HOUR(sensor_data[[#This Row],[Timestamp]])>=5, HOUR(sensor_data[[#This Row],[Timestamp]])<12), "Morning", IF(AND(HOUR(sensor_data[[#This Row],[Timestamp]])>=12, HOUR(sensor_data[[#This Row],[Timestamp]])<17), "Afternoon", IF(AND(HOUR(sensor_data[[#This Row],[Timestamp]])>=17, HOUR(sensor_data[[#This Row],[Timestamp]])<21), "Evening", "Night"))) -> Evening | D6: =MONTH(sensor_data[[#This Row],[Timestamp]]) -> 10 | E6: =DAY(sensor_data[[#This Row],[Timestamp]]) -> 17 | F6: U327 | H6: 66.9 | I6: 35.6 | J6: TRUE | K6: 5 | L6: =IF(sensor_data[[#This Row],[HVAC Setting]]<=2, "Low", IF(sensor_data[[#This Row],[HVAC Setting]]=3, "Normal", "High")) -> High | O6: =(sensor_data[[#This Row],[Energy Consumption]]-AVERAGE(sensor_data[Energy Consumption]))/_xlfn.STDEV.P(sensor_data[Energy Consumption]) -> -0.248863 | P6: =IF(ABS(sensor_data[[#This Row],[z_zcore]])>3, "Outlier", "Normal") -> Normal | Q6: =AVERAGEIF(sensor_data[Unit ID], sensor_data[[#This Row],[Unit ID]], sensor_data[EC]) -> 18.586667 | R6: =IF(ISBLANK(sensor_data[[#This Row],[EC]]), sensor_data[[#This Row],[average]], sensor_data[[#This Row],[EC]]) -> 18.586667 | S6: =IF(sensor_data[[#This Row],[Filled Energy Consumption]]>AVERAGE(sensor_data[Filled Energy Consumption]), "High", "Low") -> High | T6: T225 | U6: TRUE | V6: 19 | W6: 0 | X6: neutral
A7: 45525.895 | B7: =TEXT(sensor_data[[#This Row],[Timestamp]], "MMMM") -> August | C7: =IF(AND(HOUR(sensor_data[[#This Row],[Timestamp]])>=5, HOUR(sensor_data[[#This Row],[Timestamp]])<12), "Morning", IF(AND(HOUR(sensor_data[[#This Row],[Timestamp]])>=12, HOUR(sensor_data[[#This Row],[Timestamp]])<17), "Afternoon", IF(AND(HOUR(sensor_data[[#This Row],[Timestamp]])>=17, HOUR(sensor_data[[#This Row],[Timestamp]])<21), "Evening", "Night"))) -> Night | D7: =MONTH(sensor_data[[#This Row],[Timestamp]]) -> 8 | E7: =DAY(sensor_data[[#This Row],[Timestamp]]) -> 21 | F7: U327 | H7: 99.1 | I7: 69.9 | J7: TRUE | K7: 4 | L7: =IF(sensor_data[[#This Row],[HVAC Setting]]<=2, "Low", IF(sensor_data[[#This Row],[HVAC Setting]]=3, "Normal", "High")) -> High | M7: 23.5 | N7: 23.5 | O7: =(sensor_data[[#This Row],[Energy Consumption]]-AVERAGE(sensor_data[Energy Consumption]))/_xlfn.STDEV.P(sensor_data[Energy Consumption]) -> 0.024402478 | P7: =IF(ABS(sensor_data[[#This Row],[z_zcore]])>3, "Outlier", "Normal") -> Normal | Q7: =AVERAGEIF(sensor_data[Unit ID], sensor_data[[#This Row],[Unit ID]], sensor_data[EC]) -> 18.586667 | R7: =IF(ISBLANK(sensor_data[[#This Row],[EC]]), sensor_data[[#This Row],[average]], sensor_data[[#This Row],[EC]]) -> 23.5 | S7: =IF(sensor_data[[#This Row],[Filled Energy Consumption]]>AVERAGE(sensor_data[Filled Energy Consumption]), "High", "Low") -> High | T7: T150 | U7: TRUE | V7: 5 | W7: 1 | X7: warmer
A8: 45460.846 | B8: =TEXT(sensor_data[[#This Row],[Timestamp]], "MMMM") -> June | C8: =IF(AND(HOUR(sensor_data[[#This Row],[Timestamp]])>=5, HOUR(sensor_data[[#This Row],[Timestamp]])<12), "Morning", IF(AND(HOUR(sensor_data[[#This Row],[Timestamp]])>=12, HOUR(sensor_data[[#This Row],[Timestamp]])<17), "Afternoon", IF(AND(HOUR(sensor_data[[#This Row],[Timestamp]])>=17, HOUR(sensor_data[[#This Row],[Timestamp]])<21), "Evening", "Night"))) -> Evening | D8: =MONTH(sensor_data[[#This Row],[Timestamp]]) -> 6 | E8: =DAY(sensor_data[[#This Row],[Timestamp]]) -> 17 | F8: U327 | H8: 96.5 | I8: 56.6 | J8: TRUE | K8: 4 | L8: =IF(sensor_data[[#This Row],[HVAC Setting]]<=2, "Low", IF(sensor_data[[#This Row],[HVAC Setting]]=3, "Normal", "High")) -> High | M8: 26.2 | N8: 26.2 | O8: =(sensor_data[[#This Row],[Energy Consumption]]-AVERAGE(sensor_data[Energy Consumption]))/_xlfn.STDEV.P(sensor_data[Energy Consumption]) -> 0.055798936 | P8: =IF(ABS(sensor_data[[#This Row],[z_zcore]])>3, "Outlier", "Normal") -> Normal | Q8: =AVERAGEIF(sensor_data[Unit ID], sensor_data[[#This Row],[Unit ID]], sensor_data[EC]) -> 18.586667 | R8: =IF(ISBLANK(sensor_data[[#This Row],[EC]]), sensor_data[[#This Row],[average]], sensor_data[[#This Row],[EC]]) -> 26.2 | S8: =IF(sensor_data[[#This Row],[Filled Energy Consumption]]>AVERAGE(sensor_data[Filled Energy Consumption]), "High", "Low") -> High | T8: T216 | U8: TRUE | V8: 21 | W8: 1 | X8: neutral
A9: 45376.888 | B9: =TEXT(sensor_data[[#This Row],[Timestamp]], "MMMM") -> March | C9: =IF(AND(HOUR(sensor_data[[#This Row],[Timestamp]])>=5, HOUR(sensor_data[[#This Row],[Timestamp]])<12), "Morning", IF(AND(HOUR(sensor_data[[#This Row],[Timestamp]])>=12, HOUR(sensor_data[[#This Row],[Timestamp]])<17), "Afternoon", IF(AND(HOUR(sensor_data[[#This Row],[Timestamp]])>=17, HOUR(sensor_data[[#This Row],[Timestamp]])<21), "Evening", "Night"))) -> Night | D9: =MONTH(sensor_data[[#This Row],[Timestamp]]) -> 3 | E9: =DAY(sensor_data[[#This Row],[Timestamp]]) -> 25 | F9: U327 | H9: 68.1 | I9: 46.1 | J9: TRUE | K9: 3 | L9: =IF(sensor_data[[#This Row],[HVAC Setting]]<=2, "Low", IF(sensor_data[[#This Row],[HVAC Setting]]=3, "Normal", "High")) -> Normal | M9: 17.09 | N9: 17.09 | O9: =(sensor_data[[#This Row],[Energy Consumption]]-AVERAGE(sensor_data[Energy Consumption]))/_xlfn.STDEV.P(sensor_data[Energy Consumption]) -> -0.050135041 | P9: =IF(ABS(sensor_data[[#This Row],[z_zcore]])>3, "Outlier", "Normal") -> Normal | Q9: =AVERAGEIF(sensor_data[Unit ID], sensor_data[[#This Row],[Unit ID]], sensor_data[EC]) -> 18.586667 | R9: =IF(ISBLANK(sensor_data[[#This Row],[EC]]), sensor_data[[#This Row],[average]], sensor_data[[#This Row],[EC]]) -> 17.09 | S9: =IF(sensor_data[[#This Row],[Filled Energy Consumption]]>AVERAGE(sensor_data[Filled Energy Consumption]), "High", "Low") -> Low | T9: T139 | U9: TRUE | V9: 3 | W9: 1 | X9: warmer
A10: 45321.354 | B10: =TEXT(sensor_data[[#This Row],[Timestamp]], "MMMM") -> January | C10: =IF(AND(HOUR(sensor_data[[#This Row],[Timestamp]])>=5, HOUR(sensor_data[[#This Row],[Timestamp]])<12), "Morning", IF(AND(HOUR(sensor_data[[#This Row],[Timestamp]])>=12, HOUR(sensor_data[[#This Row],[Timestamp]])<17), "Afternoon", IF(AND(HOUR(sensor_data[[#This Row],[Timestamp]])>=17, HOUR(sensor_data[[#This Row],[Timestamp]])<21), "Evening", "Night"))) -> Morning | D10: =MONTH(sensor_data[[#This Row],[Timestamp]]) -> 1 | E10: =DAY(sensor_data[[#This Row],[Timestamp]]) -> 30 | F10: U327 | H10: 47.3 | I10: 37.4 | J10: FALSE | K10: 3 | L10: =IF(sensor_data[[#This Row],[HVAC Setting]]<=2, "Low", IF(sensor_data[[#This Row],[HVAC Setting]]=3, "Normal", "High")) -> Normal | O10: =(sensor_data[[#This Row],[Energy Consumption]]-AVERAGE(sensor_data[Energy Consumption]))/_xlfn.STDEV.P(sensor_data[Energy Consumption]) -> -0.248863 | P10: =IF(ABS(sensor_data[[#This Row],[z_zcore]])>3, "Outlier", "Normal") -> Normal | Q10: =AVERAGEIF(sensor_data[Unit ID], sensor_data[[#This Row],[Unit ID]], sensor_data[EC]) -> 18.586667 | R10: =IF(ISBLANK(sensor_data[[#This Row],[EC]]), sensor_data[[#This Row],[average]], sensor_data[[#This Row],[EC]]) -> 18.586667 | S10: =IF(sensor_data[[#This Row],[Filled Energy Consumption]]>AVERAGE(sensor_data[Filled Energy Consumption]), "High", "Low") -> High | T10: T150 | U10: FALSE | V10: 17 | W10: 0 | X10: warmer
A11: 45413.249 | B11: =TEXT(sensor_data[[#This Row],[Timestamp]], "MMMM") -> May | C11: =IF(AND(HOUR(sensor_data[[#This Row],[Timestamp]])>=5, HOUR(sensor_data[[#This Row],[Timestamp]])<12), "Morning", IF(AND(HOUR(sensor_data[[#This Row],[Timestamp]])>=12, HOUR(sensor_data[[#This Row],[Timestamp]])<17), "Afternoon", IF(AND(HOUR(sensor_data[[#This Row],[Timestamp]])>=17, HOUR(sensor_data[[#This Row],[Timestamp]])<21), "Evening", "Night"))) -> Morning | D11: =MONTH(sensor_data[[#This Row],[Timestamp]]) -> 5 | E11: =DAY(sensor_data[[#This Row],[Timestamp]]) -> 1 | F11: U327 | H11: 74.7 | I11: 32 | J11: FALSE | K11: 2 | L11: =IF(sensor_data[[#This Row],[HVAC Setting]]<=2, "Low", IF(sensor_data[[#This Row],[HVAC Setting]]=3, "Normal", "High")) -> Low | O11: =(sensor_data[[#This Row],[Energy Consumption]]-AVERAGE(sensor_data[Energy Consumption]))/_xlfn.STDEV.P(sensor_data[Energy Consumption]) -> -0.248863 | P11: =IF(ABS(sensor_data[[#This Row],[z_zcore]])>3, "Outlier", "Normal") -> Normal | Q11: =AVERAGEIF(sensor_data[Unit ID], sensor_data[[#This Row],[Unit ID]], sensor_data[EC]) -> 18.586667 | R11: =IF(ISBLANK(sensor_data[[#This Row],[EC]]), sensor_data[[#This Row],[average]], sensor_data[[#This Row],[EC]]) -> 18.586667 | S11: =IF(sensor_data[[#This Row],[Filled Energy Consumption]]>AVERAGE(sensor_data[Filled Energy Consumption]), "High", "Low") -> High | T11: T472 | U11: FALSE | V11: 22 | W11: 1 | X11: warmer
A12: 45629.446 | B12: =TEXT(sensor_data[[#This Row],[Timestamp]], "MMMM") -> December | C12: =IF(AND(HOUR(sensor_data[[#This Row],[Timestamp]])>=5, HOUR(sensor_data[[#This Row],[Timestamp]])<12), "Morning", IF(AND(HOUR(sensor_data[[#This Row],[Timestamp]])>=12, HOUR(sensor_data[[#This Row],[Timestamp]])<17), "Afternoon", IF(AND(HOUR(sensor_data[[#This Row],[Timestamp]])>=17, HOUR(sensor_data[[#This Row],[Timestamp]])<21), "Evening", "Night"))) -> Morning | D12: =MONTH(sensor_data[[#This Row],[Timestamp]]) -> 12 | E12: =DAY(sensor_data[[#This Row],[Timestamp]]) -> 3 | F12: U327 | H12: 57.6 | I12: 31.2 | J12: FALSE | K12: 4 | L12: =IF(sensor_data[[#This Row],[HVAC Setting]]<=2, "Low", IF(sensor_data[[#This Row],[HVAC Setting]]=3, "Normal", "High")) -> High | O12: =(sensor_data[[#This Row],[Energy Consumption]]-AVERAGE(sensor_data[Energy Consumption]))/_xlfn.STDEV.P(sensor_data[Energy Consumption]) -> -0.248863 | P12: =IF(ABS(sensor_data[[#This Row],[z_zcore]])>3, "Outlier", "Normal") -> Normal | Q12: =AVERAGEIF(sensor_data[Unit ID], sensor_data[[#This Row],[Unit ID]], sensor_data[EC]) -> 18.586667 | R12: =IF(ISBLANK(sensor_data[[#This Row],[EC]]), sensor_data[[#This Row],[average]], sensor_data[[#This Row],[EC]]) -> 18.586667 | S12: =IF(sensor_data[[#This Row],[Filled Energy Consumption]]>AVERAGE(sensor_data[Filled Energy Consumption]), "High", "Low") -> High | T12: T266 | U12: FALSE | V12: 14 | W12: 0 | X12: neutral
A13: 45425.521 | B13: =TEXT(sensor_data[[#This Row],[Timestamp]], "MMMM") -> May | C13: =IF(AND(HOUR(sensor_data[[#This Row],[Timestamp]])>=5, HOUR(sensor_data[[#This Row],[Timestamp]])<12), "Morning", IF(AND(HOUR(sensor_data[[#This Row],[Timestamp]])>=12, HOUR(sensor_data[[#This Row],[Timestamp]])<17), "Afternoon", IF(AND(HOUR(sensor_data[[#This Row],[Timestamp]])>=17, HOUR(sensor_data[[#This Row],[Timestamp]])<21), "Evening", "Night"))) -> Afternoon | D13: =MONTH(sensor_data[[#This Row],[Timestamp]]) -> 5 | E13: =DAY(sensor_data[[#This Row],[Timestamp]]) -> 13 | F13: U327 | H13: 65.8 | I13: 44.4 | J13: TRUE | K13: 2 | L13: =IF(sensor_data[[#This Row],[HVAC Setting]]<=2, "Low", IF(sensor_data[[#This Row],[HVAC Setting]]=3, "Normal", "High")) -> Low | M13: 13.02 | N13: 13.02 | O13: =(sensor_data[[#This Row],[Energy Consumption]]-AVERAGE(sensor_data[Energy Consumption]))/_xlfn.STDEV.P(sensor_data[Energy Consumption]) -> -0.097462295 | P13: =IF(ABS(sensor_data[[#This Row],[z_zcore]])>3, "Outlier", "Normal") -> Normal | Q13: =AVERAGEIF(sensor_data[Unit ID], sensor_data[[#This Row],[Unit ID]], sensor_data[EC]) -> 18.586667 | R13: =IF(ISBLANK(sensor_data[[#This Row],[EC]]), sensor_data[[#This Row],[average]], sensor_data[[#This Row],[EC]]) -> 13.02 | S13: =IF(sensor_data[[#This Row],[Filled Energy Consumption]]>AVERAGE(sensor_data[Filled Energy Consumption]), "High", "Low") -> Low | T13: T368 | U13: TRUE | V13: 11 | W13: 1 | X13: cooler
A14: 45623.234 | B14: =TEXT(sensor_data[[#This Row],[Timestamp]], "MMMM") -> November | C14: =IF(AND(HOUR(sensor_data[[#This Row],[Timestamp]])>=5, HOUR(sensor_data[[#This Row],[Timestamp]])<12), "Morning", IF(AND(HOUR(sensor_data[[#This Row],[Timestamp]])>=12, HOUR(sensor_data[[#This Row],[Timestamp]])<17), "Afternoon", IF(AND(HOUR(sensor_data[[#This Row],[Timestamp]])>=17, HOUR(sensor_data[[#This Row],[Timestamp]])<21), "Evening", "Night"))) -> Morning | D14: =MONTH(sensor_data[[#This Row],[Timestamp]]) -> 11 | E14: =DAY(sensor_data[[#This Row],[Timestamp]]) -> 27 | F14: U327 | H14: 63.7 | I14: 53 | J14: FALSE | K14: 2 | L14: =IF(sensor_data[[#This Row],[HVAC Setting]]<=2, "Low", IF(sensor_data[[#This Row],[HVAC Setting]]=3, "Normal", "High")) -> Low | M14: 10 | N14: 10 | O14: =(sensor_data[[#This Row],[Energy Consumption]]-AVERAGE(sensor_data[Energy Consumption]))/_xlfn.STDEV.P(sensor_data[Energy Consumption]) -> -0.13257982 | P14: =IF(ABS(sensor_data[[#This Row],[z_zcore]])>3, "Outlier", "Normal") -> Normal | Q14: =AVERAGEIF(sensor_data[Unit ID], sensor_data[[#This Row],[Unit ID]], sensor_data[EC]) -> 18.586667 | R14: =IF(ISBLANK(sensor_data[[#This Row],[EC]]), sensor_data[[#This Row],[average]], sensor_data[[#This Row],[EC]]) -> 10 | S14: =IF(sensor_data[[#This Row],[Filled Energy Consumption]]>AVERAGE(sensor_data[Filled Energy Consumption]), "High", "Low") -> Low | T14: T446 | U14: FALSE | V14: 11 | W14: 0 | X14: warmer
A15: 45426.301 | B15: =TEXT(sensor_data[[#This Row],[Timestamp]], "MMMM") -> May | C15: =IF(AND(HOUR(sensor_data[[#This Row],[Timestamp]])>=5, HOUR(sensor_data[[#This Row],[Timestamp]])<12), "Morning", IF(AND(HOUR(sensor_data[[#This Row],[Timestamp]])>=12, HOUR(sensor_data[[#This Row],[Timestamp]])<17), "Afternoon", IF(AND(HOUR(sensor_data[[#This Row],[Timestamp]])>=17, HOUR(sensor_data[[#This Row],[Timestamp]])<21), "Evening", "Night"))) -> Morning | D15: =MONTH(sensor_data[[#This Row],[Timestamp]]) -> 5 | E15: =DAY(sensor_data[[#This Row],[Timestamp]]) -> 14 | F15: U327 | H15: 77.6 | I15: 55 | J15: TRUE | K15: 4 | L15: =IF(sensor_data[[#This Row],[HVAC Setting]]<=2, "Low", IF(sensor_data[[#This Row],[HVAC Setting]]=3, "Normal", "High")) -> High | M15: 22.93 | N15: 22.93 | O15: =(sensor_data[[#This Row],[Energy Consumption]]-AVERAGE(sensor_data[Energy Consumption]))/_xlfn.STDEV.P(sensor_data[Energy Consumption]) -> 0.017774336 | P15: =IF(ABS(sensor_data[[#This Row],[z_zcore]])>3, "Outlier", "Normal") -> Normal | Q15: =AVERAGEIF(sensor_data[Unit ID], sensor_data[[#This Row],[Unit ID]], sensor_data[EC]) -> 18.586667 | R15: =IF(ISBLANK(sensor_data[[#This Row],[EC]]), sensor_data[[#This Row],[average]], sensor_data[[#This Row],[EC]]) -> 22.93 | S15: =IF(sensor_data[[#This Row],[Filled Energy Consumption]]>AVERAGE(sensor_data[Filled Energy Consumption]), "High", "Low") -> High | T15: T166 | U15: TRUE | V15: 23 | W15: 1 | X15: warmer
A16: 45478.39 | B16: =TEXT(sensor_data[[#This Row],[Timestamp]], "MMMM") -> July | C16: =IF(AND(HOUR(sensor_data[[#This Row],[Timestamp]])>=5, HOUR(sensor_data[[#This Row],[Timestamp]])<12), "Morning", IF(AND(HOUR(sensor_data[[#This Row],[Timestamp]])>=12, HOUR(sensor_data[[#This Row],[Timestamp]])<17), "Afternoon", IF(AND(HOUR(sensor_data[[#This Row],[Timestamp]])>=17, HOUR(sensor_data[[#This Row],[Timestamp]])<21), "Evening", "Night"))) -> Morning | D16: =MONTH(sensor_data[[#This Row],[Timestamp]]) -> 7 | E16: =DAY(sensor_data[[#This Row],[Timestamp]]) -> 5 | F16: U327 | H16: 98.9 | I16: 49.2 | J16: TRUE | K16: 5 | L16: =IF(sensor_data[[#This Row],[HVAC Setting]]<=2, "Low", IF(sensor_data[[#This Row],[HVAC Setting]]=3, "Normal", "High")) -> High | M16: 29.62 | N16: 29.62 | O16: =(sensor_data[[#This Row],[Energy Consumption]]-AVERAGE(sensor_data[Energy Consumption]))/_xlfn.STDEV.P(sensor_data[Energy Consumption]) -> 0.095567784 | P16: =IF(ABS(sensor_data[[#This Row],[z_zcore]])>3, "Outlier", "Normal") -> Normal | Q16: =AVERAGEIF(sensor_data[Unit ID], sensor_data[[#This Row],[Unit ID]], sensor_data[EC]) -> 18.586667 | R16: =IF(ISBLANK(sensor_data[[#This Row],[EC]]), sensor_data[[#This Row],[average]], sensor_data[[#This Row],[EC]]) -> 29.62 | S16: =IF(sensor_data[[#This Row],[Filled Energy Consumption]]>AVERAGE(sensor_data[Filled Energy Consumption]), "High", "Low") -> High | T16: T224 | U16: TRUE | V16: 24 | W16: 0 | X16: warmer
A17: 45608.311 | B17: =TEXT(sensor_data[[#This Row],[Timestamp]], "MMMM") -> November | C17: =IF(AND(HOUR(sensor_data[[#This Row],[Timestamp]])>=5, HOUR(sensor_data[[#This Row],[Timestamp]])<12), "Morning", IF(AND(HOUR(sensor_data[[#This Row],[Timestamp]])>=12, HOUR(sensor_data[[#This Row],[Timestamp]])<17), "Afternoon", IF(AND(HOUR(sensor_data[[#This Row],[Timestamp]])>=17, HOUR(sensor_data[[#This Row],[Timestamp]])<21), "Evening", "Night"))) -> Morning | D17: =MONTH(sensor_data[[#This Row],[Timestamp]]) -> 11 | E17: =DAY(sensor_data[[#This Row],[Timestamp]]) -> 12 | F17: U327 | H17: 69.8 | I17: 45.6 | J17: TRUE | K17: 2 | L17: =IF(sensor_data[[#This Row],[HVAC Setting]]<=2, "Low", IF(sensor_data[[#This Row],[HVAC Setting]]=3, "Normal", "High")) -> Low | M17: 12.78 | N17: 12.78 | O17: =(sensor_data[[#This Row],[Energy Consumption]]-AVERAGE(sensor_data[Energy Consumption]))/_xlfn.STDEV.P(sensor_data[Energy Consumption]) -> -0.10025309 | P17: =IF(ABS(sensor_data[[#This Row],[z_zcore]])>3, "Outlier", "Normal") -> Normal | Q17: =AVERAGEIF(sensor_data[Unit ID], sensor_data[[#This Row],[Unit ID]], sensor_data[EC]) -> 18.586667 | R17: =IF(ISBLANK(sensor_data[[#This Row],[EC]]), sensor_data[[#This Row],[average]], sensor_data[[#This Row],[EC]]) -> 12.78 | S17: =IF(sensor_data[[#This Row],[Filled Energy Consumption]]>AVERAGE(sensor_data[Filled Energy Consumption]), "High", "Low") -> Low | T17: T423 | U17: TRUE | V17: 22 | W17: 1 | X17: warmer
A18: 45558.673 | B18: =TEXT(sensor_data[[#This Row],[Timestamp]], "MMMM") -> September | C18: =IF(AND(HOUR(sensor_data[[#This Row],[Timestamp]])>=5, HOUR(sensor_data[[#This Row],[Timestamp]])<12), "Morning", IF(AND(HOUR(sensor_data[[#This Row],[Timestamp]])>=12, HOUR(sensor_data[[#This Row],[Timestamp]])<17), "Afternoon", IF(AND(HOUR(sensor_data[[#This Row],[Timestamp]])>=17, HOUR(sensor_data[[#This Row],[Timestamp]])<21), "Evening", "Night"))) -> Afternoon | D18: =MONTH(sensor_data[[#This Row],[Timestamp]]) -> 9 | E18: =DAY(sensor_data[[#This Row],[Timestamp]]) -> 23 | F18: U327 | H18: 60.8 | I18: 43.2 | J18: FALSE | K18: 2 | L18: =IF(sensor_data[[#This Row],[HVAC Setting]]<=2, "Low", IF(sensor_data[[#This Row],[HVAC Setting]]=3, "Normal", "High")) -> Low | O18: =(sensor_data[[#This Row],[Energy Consumption]]-AVERAGE(sensor_data[Energy Consumption]))/_xlfn.STDEV.P(sensor_data[Energy Consumption]) -> -0.248863 | P18: =IF(ABS(sensor_data[[#This Row],[z_zcore]])>3, "Outlier", "Normal") -> Normal | Q18: =AVERAGEIF(sensor_data[Unit ID], sensor_data[[#This Row],[Unit ID]], sensor_data[EC]) -> 18.586667 | R18: =IF(ISBLANK(sensor_data[[#This Row],[EC]]), sensor_data[[#This Row],[average]], sensor_data[[#This Row],[EC]]) -> 18.586667 | S18: =IF(sensor_data[[#This Row],[Filled Energy Consumption]]>AVERAGE(sensor_data[Filled Energy Consumption]), "High", "Low") -> High | T18: T073 | U18: FALSE | V18: 15 | W18: 0 | X18: warmer
A19: 45579.236 | B19: =TEXT(sensor_data[[#This Row],[Timestamp]], "MMMM") -> October | C19: =IF(AND(HOUR(sensor_data[[#This Row],[Timestamp]])>=5, HOUR(sensor_data[[#This Row],[Timestamp]])<12), "Morning", IF(AND(HOUR(sensor_data[[#This Row],[Timestamp]])>=12, HOUR(sensor_data[[#This Row],[Timestamp]])<17), "Afternoon", IF(AND(HOUR(sensor_data[[#This Row],[Timestamp]])>=17, HOUR(sensor_data[[#This Row],[Timestamp]])<21), "Evening", "Night"))) -> Morning | D19: =MONTH(sensor_data[[#This Row],[Timestamp]]) -> 10 | E19: =DAY(sensor_data[[#This Row],[Timestamp]]) -> 14 | F19: U327 | H19: 61.8 | I19: 52.3 | J19: FALSE | K19: 0 | L19: =IF(sensor_data[[#This Row],[HVAC Setting]]<=2, "Low", IF(sensor_data[[#This Row],[HVAC Setting]]=3, "Normal", "High")) -> Low | M19: 1 | N19: 1 | O19: =(sensor_data[[#This Row],[Energy Consumption]]-AVERAGE(sensor_data[Energy Consumption]))/_xlfn.STDEV.P(sensor_data[Energy Consumption]) -> -0.23723468 | P19: =IF(ABS(sensor_data[[#This Row],[z_zcore]])>3, "Outlier", "Normal") -> Normal | Q19: =AVERAGEIF(sensor_data[Unit ID], sensor_data[[#This Row],[Unit ID]], sensor_data[EC]) -> 18.586667 | R19: =IF(ISBLANK(sensor_data[[#This Row],[EC]]), sensor_data[[#This Row],[average]], sensor_data[[#This Row],[EC]]) -> 1 | S19: =IF(sensor_data[[#This Row],[Filled Energy Consumption]]>AVERAGE(sensor_data[Filled Energy Consumption]), "High", "Low") -> Low | T19: T326 | U19: FALSE | V19: 6 | W19: 0 | X19: cooler
A20: 45483.753 | B20: =TEXT(sensor_data[[#This Row],[Timestamp]], "MMMM") -> July | C20: =IF(AND(HOUR(sensor_data[[#This Row],[Timestamp]])>=5, HOUR(sensor_data[[#This Row],[Timestamp]])<12), "Morning", IF(AND(HOUR(sensor_data[[#This Row],[Timestamp]])>=12, HOUR(sensor_data[[#This Row],[Timestamp]])<17), "Afternoon", IF(AND(HOUR(sensor_data[[#This Row],[Timestamp]])>=17, HOUR(sensor_data[[#This Row],[Timestamp]])<21), "Evening", "Night"))) -> Evening | D20: =MONTH(sensor_data[[#This Row],[Timestamp]]) -> 7 | E20: =DAY(sensor_data[[#This Row],[Timestamp]]) -> 10 | F20: U327 | H20: 85.1 | I20: 63.1 | J20: TRUE | K20: 4 | L20: =IF(sensor_data[[#This Row],[HVAC Setting]]<=2, "Low", IF(sensor_data[[#This Row],[HVAC Setting]]=3, "Normal", "High")) -> High | M20: 26.81 | N20: 26.81 | O20: =(sensor_data[[#This Row],[Energy Consumption]]-AVERAGE(sensor_data[Energy Consumption]))/_xlfn.STDEV.P(sensor_data[Energy Consumption]) -> 0.06289221 | P20: =IF(ABS(sensor_data[[#This Row],[z_zcore]])>3, "Outlier", "Normal") -> Normal | Q20: =AVERAGEIF(sensor_data[Unit ID], sensor_data[[#This Row],[Unit ID]], sensor_data[EC]) -> 18.586667 | R20: =IF(ISBLANK(sensor_data[[#This Row],[EC]]), sensor_data[[#This Row],[average]], sensor_data[[#This Row],[EC]]) -> 26.81 | S20: =IF(sensor_data[[#This Row],[Filled Energy Consumption]]>AVERAGE(sensor_data[Filled Energy Consumption]), "High", "Low") -> High | T20: T183 | U20: TRUE | V20: 21 | W20: 1 | X20: neutral
A21: 45626.363 | B21: =TEXT(sensor_data[[#This Row],[Timestamp]], "MMMM") -> November | C21: =IF(AND(HOUR(sensor_data[[#This Row],[Timestamp]])>=5, HOUR(sensor_data[[#This Row],[Timestamp]])<12), "Morning", IF(AND(HOUR(sensor_data[[#This Row],[Timestamp]])>=12, HOUR(sensor_data[[#This Row],[Timestamp]])<17), "Afternoon", IF(AND(HOUR(sensor_data[[#This Row],[Timestamp]])>=17, HOUR(sensor_data[[#This Row],[Timestamp]])<21), "Evening", "Night"))) -> Morning | D21: =MONTH(sensor_data[[#This Row],[Timestamp]]) -> 11 | E21: =DAY(sensor_data[[#This Row],[Timestamp]]) -> 30 | F21: U327 | H21: 71.6 | I21: 43.8 | J21: TRUE | K21: 3.5 | L21: =IF(sensor_data[[#This Row],[HVAC Setting]]<=2, "Low", IF(sensor_data[[#This Row],[HVAC Setting]]=3, "Normal", "High")) -> High | M21: 21.32 | N21: 21.32 | O21: =(sensor_data[[#This Row],[Energy Consumption]]-AVERAGE(sensor_data[Energy Consumption]))/_xlfn.STDEV.P(sensor_data[Energy Consumption]) -> -0.00094725571 | P21: =IF(ABS(sensor_data[[#This Row],[z_zcore]])>3, "Outlier", "Normal") -> Normal | Q21: =AVERAGEIF(sensor_data[Unit ID], sensor_data[[#This Row],[Unit ID]], sensor_data[EC]) -> 18.586667 | R21: =IF(ISBLANK(sensor_data[[#This Row],[EC]]), sensor_data[[#This Row],[average]], sensor_data[[#This Row],[EC]]) -> 21.32 | S21: =IF(sensor_data[[#This Row],[Filled Energy Consumption]]>AVERAGE(sensor_data[Filled Energy Consumption]), "High", "Low") -> High | T21: T263 | U21: TRUE | V21: 11 | W21: 1 | X21: warmer
A22: 45358.25 | B22: =TEXT(sensor_data[[#This Row],[Timestamp]], "MMMM") -> March | C22: =IF(AND(HOUR(sensor_data[[#This Row],[Timestamp]])>=5, HOUR(sensor_data[[#This Row],[Timestamp]])<12), "Morning", IF(AND(HOUR(sensor_data[[#This Row],[Timestamp]])>=12, HOUR(sensor_data[[#This Row],[Timestamp]])<17), "Afternoon", IF(AND(HOUR(sensor_data[[#This Row],[Timestamp]])>=17, HOUR(sensor_data[[#This Row],[Timestamp]])<21), "Evening", "Night"))) -> Morning | D22: =MONTH(sensor_data[[#This Row],[Timestamp]]) -> 3 | E22: =DAY(sensor_data[[#This Row],[Timestamp]]) -> 7 | F22: U323 | H22: 71.1 | I22: 35 | J22: FALSE | K22: 1 | L22: =IF(sensor_data[[#This Row],[HVAC Setting]]<=2, "Low", IF(sensor_data[[#This Row],[HVAC Setting]]=3, "Normal", "High")) -> Low | M22: 5 | N22: 5 | O22: =(sensor_data[[#This Row],[Energy Consumption]]-AVERAGE(sensor_data[Energy Consumption]))/_xlfn.STDEV.P(sensor_data[Energy Consumption]) -> -0.19072141 | P22: =IF(ABS(sensor_data[[#This Row],[z_zcore]])>3, "Outlier", "Normal") -> Normal | Q22: =AVERAGEIF(sensor_data[Unit ID], sensor_data[[#This Row],[Unit ID]], sensor_data[EC]) -> 18.5915 | R22: =IF(ISBLANK(sensor_data[[#This Row],[EC]]), sensor_data[[#This Row],[average]], sensor_data[[#This Row],[EC]]) -> 5 | S22: =IF(sensor_data[[#This Row],[Filled Energy Consumption]]>AVERAGE(sensor_data[Filled Energy Consumption]), "High", "Low") -> Low | T22: T443 | U22: FALSE | V22: 15 | W22: 0 | X22: neutral
A23: 45309.094 | B23: =TEXT(sensor_data[[#This Row],[Timestamp]], "MMMM") -> January | C23: =IF(AND(HOUR(sensor_data[[#This Row],[Timestamp]])>=5, HOUR(sensor_data[[#This Row],[Timestamp]])<12), "Morning", IF(AND(HOUR(sensor_data[[#This Row],[Timestamp]])>=12, HOUR(sensor_data[[#This Row],[Timestamp]])<17), "Afternoon", IF(AND(HOUR(sensor_data[[#This Row],[Timestamp]])>=17, HOUR(sensor_data[[#This Row],[Timestamp]])<21), "Evening", "Night"))) -> Night | D23: =MONTH(sensor_data[[#This Row],[Timestamp]]) -> 1 | E23: =DAY(sensor_data[[#This Row],[Timestamp]]) -> 18 | F23: U323 | H23: 35 | I23: 27.6 | J23: FALSE | K23: 1 | L23: =IF(sensor_data[[#This Row],[HVAC Setting]]<=2, "Low", IF(sensor_data[[#This Row],[HVAC Setting]]=3, "Normal", "High")) -> Low | M23: 8 | N23: 8 | O23: =(sensor_data[[#This Row],[Energy Consumption]]-AVERAGE(sensor_data[Energy Consumption]))/_xlfn.STDEV.P(sensor_data[Energy Consumption]) -> -0.15583645 | P23: =IF(ABS(sensor_data[[#This Row],[z_zcore]])>3, "Outlier", "Normal") -> Normal | Q23: =AVERAGEIF(sensor_data[Unit ID], sensor_data[[#This Row],[Unit ID]], sensor_data[EC]) -> 18.5915 | R23: =IF(ISBLANK(sensor_data[[#This Row],[EC]]), sensor_data[[#This Row],[average]], sensor_data[[#This Row],[EC]]) -> 8 | S23: =IF(sensor_data[[#This Row],[Filled Energy Consumption]]>AVERAGE(sensor_data[Filled Energy Consumption]), "High", "Low") -> Low | T23: T195 | U23: FALSE | V23: 14 | W23: 0 | X23: neutral
A24: 45333.693 | B24: =TEXT(sensor_data[[#This Row],[Timestamp]], "MMMM") -> February | C24: =IF(AND(HOUR(sensor_data[[#This Row],[Timestamp]])>=5, HOUR(sensor_data[[#This Row],[Timestamp]])<12), "Morning", IF(AND(HOUR(sensor_data[[#This Row],[Timestamp]])>=12, HOUR(sensor_data[[#This Row],[Timestamp]])<17), "Afternoon", IF(AND(HOUR(sensor_data[[#This Row],[Timestamp]])>=17, HOUR(sensor_data[[#This Row],[Timestamp]])<21), "Evening", "Night"))) -> Afternoon | D24: =MONTH(sensor_data[[#This Row],[Timestamp]]) -> 2 | E24: =DAY(sensor_data[[#This Row],[Timestamp]]) -> 11 | F24: U323 | H24: 58.9 | I24: 30.4 | J24: FALSE | K24: 4.5 | L24: =IF(sensor_data[[#This Row],[HVAC Setting]]<=2, "Low", IF(sensor_data[[#This Row],[HVAC Setting]]=3, "Normal", "High")) -> High | M24: 23.62 | N24: 23.62 | O24: =(sensor_data[[#This Row],[Energy Consumption]]-AVERAGE(sensor_data[Energy Consumption]))/_xlfn.STDEV.P(sensor_data[Energy Consumption]) -> 0.025797876 | P24: =IF(ABS(sensor_data[[#This Row],[z_zcore]])>3, "Outlier", "Normal") -> Normal | Q24: =AVERAGEIF(sensor_data[Unit ID], sensor_data[[#This Row],[Unit ID]], sensor_data[EC]) -> 18.5915 | R24: =IF(ISBLANK(sensor_data[[#This Row],[EC]]), sensor_data[[#This Row],[average]], sensor_data[[#This Row],[EC]]) -> 23.62 | S24: =IF(sensor_data[[#This Row],[Filled Energy Consumption]]>AVERAGE(sensor_data[Filled Energy Consumption]), "High", "Low") -> High | T24: T266 | U24: FALSE | V24: 9 | W24: 0 | X24: cooler
A25: 45513.76 | B25: =TEXT(sensor_data[[#This Row],[Timestamp]], "MMMM") -> August | C25: =IF(AND(HOUR(sensor_data[[#This Row],[Timestamp]])>=5, HOUR(sensor_data[[#This Row],[Timestamp]])<12), "Morning", IF(AND(HOUR(sensor_data[[#This Row],[Timestamp]])>=12, HOUR(sensor_data[[#This Row],[Timestamp]])<17), "Afternoon", IF(AND(HOUR(sensor_data[[#This Row],[Timestamp]])>=17, HOUR(sensor_data[[#This Row],[Timestamp]])<21), "Evening", "Night"))) -> Evening | D25: =MONTH(sensor_data[[#This Row],[Timestamp]]) -> 8 | E25: =DAY(sensor_data[[#This Row],[Timestamp]]) -> 9 | F25: U323 | H25: 95.4 | I25: 58.7 | J25: FALSE | K25: 4 | L25: =IF(sensor_data[[#This Row],[HVAC Setting]]<=2, "Low", IF(sensor_data[[#This Row],[HVAC Setting]]=3, "Normal", "High")) -> High | M25: 24.2 | N25: 24.2 | O25: =(sensor_data[[#This Row],[Energy Consumption]]-AVERAGE(sensor_data[Energy Consumption]))/_xlfn.STDEV.P(sensor_data[Energy Consumption]) -> 0.0325423 | P25: =IF(ABS(sensor_data[[#This Row],[z_zcore]])>3, "Outlier", "Normal") -> Normal | Q25: =AVERAGEIF(sensor_data[Unit ID], sensor_data[[#This Row],[Unit ID]], sensor_data[EC]) -> 18.5915 | R25: =IF(ISBLANK(sensor_data[[#This Row],[EC]]), sensor_data[[#This Row],[average]], sensor_data[[#This Row],[EC]]) -> 24.2 | S25: =IF(sensor_data[[#This Row],[Filled Energy Consumption]]>AVERAGE(sensor_data[Filled Energy Consumption]), "High", "Low") -> High | T25: T280 | U25: FALSE | V25: 22 | W25: 1 | X25: cooler
A26: 45538.723 | B26: =TEXT(sensor_data[[#This Row],[Timestamp]], "MMMM") -> September | C26: =IF(AND(HOUR(sensor_data[[#This Row],[Timestamp]])>=5, HOUR(sensor_data[[#This Row],[Timestamp]])<12), "Morning", IF(AND(HOUR(sensor_data[[#This Row],[Timestamp]])>=12, HOUR(sensor_data[[#This Row],[Timestamp]])<17), "Afternoon", IF(AND(HOUR(sensor_data[[#This Row],[Timestamp]])>=17, HOUR(sensor_data[[#This Row],[Timestamp]])<21), "Evening", "Night"))) -> Evening | D26: =MONTH(sensor_data[[#This Row],[Timestamp]]) -> 9 | E26: =DAY(sensor_data[[#This Row],[Timestamp]]) -> 3 | F26: U323 | H26: 67.6 | I26: 31.2 | J26: TRUE | K26: 3 | L26: =IF(sensor_data[[#This Row],[HVAC Setting]]<=2, "Low", IF(sensor_data[[#This Row],[HVAC Setting]]=3, "Normal", "High")) -> Normal | M26: 19.1 | N26: 19.1 | O26: =(sensor_data[[#This Row],[Energy Consumption]]-AVERAGE(sensor_data[Energy Consumption]))/_xlfn.STDEV.P(sensor_data[Energy Consumption]) -> -0.026762122 | P26: =IF(ABS(sensor_data[[#This Row],[z_zcore]])>3, "Outlier", "Normal") -> Normal | Q26: =AVERAGEIF(sensor_data[Unit ID], sensor_data[[#This Row],[Unit ID]], sensor_data[EC]) -> 18.5915 | R26: =IF(ISBLANK(sensor_data[[#This Row],[EC]]), sensor_data[[#This Row],[average]], sensor_data[[#This Row],[EC]]) -> 19.1 | S26: =IF(sensor_data[[#This Row],[Filled Energy Consumption]]>AVERAGE(sensor_data[Filled Energy Consumption]), "High", "Low") -> High | T26: T246 | U26: TRUE | V26: 5 | W26: 1 | X26: warmer
A27: 45344.949 | B27: =TEXT(sensor_data[[#This Row],[Timestamp]], "MMMM") -> February | C27: =IF(AND(HOUR(sensor_data[[#This Row],[Timestamp]])>=5, HOUR(sensor_data[[#This Row],[Timestamp]])<12), "Morning", IF(AND(HOUR(sensor_data[[#This Row],[Timestamp]])>=12, HOUR(sensor_data[[#This Row],[Timestamp]])<17), "Afternoon", IF(AND(HOUR(sensor_data[[#This Row],[Timestamp]])>=17, HOUR(sensor_data[[#This Row],[Timestamp]])<21), "Evening", "Night"))) -> Night | D27: =MONTH(sensor_data[[#This Row],[Timestamp]]) -> 2 | E27: =DAY(sensor_data[[#This Row],[Timestamp]]) -> 22 | F27: U323 | H27: 35.3 | I27: 36.9 | J27: FALSE | K27: 2 | L27: =IF(sensor_data[[#This Row],[HVAC Setting]]<=2, "Low", IF(sensor_data[[#This Row],[HVAC Setting]]=3, "Normal", "High")) -> Low | M27: 13 | N27: 13 | O27: =(sensor_data[[#This Row],[Energy Consumption]]-AVERAGE(sensor_data[Energy Consumption]))/_xlfn.STDEV.P(sensor_data[Energy Consumption]) -> -0.097694862 | P27: =IF(ABS(sensor_data[[#This Row],[z_zcore]])>3, "Outlier", "Normal") -> Normal | Q27: =AVERAGEIF(sensor_data[Unit ID], sensor_data[[#This Row],[Unit ID]], sensor_data[EC]) -> 18.5915 | R27: =IF(ISBLANK(sensor_data[[#This Row],[EC]]), sensor_data[[#This Row],[average]], sensor_data[[#This Row],[EC]]) -> 13 | S27: =IF(sensor_data[[#This Row],[Filled Energy Consumption]]>AVERAGE(sensor_data[Filled Energy Consumption]), "High", "Low") -> Low | T27: T031 | U27: FALSE | V27: 20 | W27: 1 | X27: neutral
A28: 45586.976 | B28: =TEXT(sensor_data[[#This Row],[Timestamp]], "MMMM") -> October | C28: =IF(AND(HOUR(sensor_data[[#This Row],[Timestamp]])>=5, HOUR(sensor_data[[#This Row],[Timestamp]])<12), "Morning", IF(AND(HOUR(sensor_data[[#This Row],[Timestamp]])>=12, HOUR(sensor_data[[#This Row],[Timestamp]])<17), "Afternoon", IF(AND(HOUR(sensor_data[[#This Row],[Timestamp]])>=17, HOUR(sensor_data[[#This Row],[Timestamp]])<21), "Evening", "Night"))) -> Night | D28: =MONTH(sensor_data[[#This Row],[Timestamp]]) -> 10 | E28: =DAY(sensor_data[[#This Row],[Timestamp]]) -> 21 | F28: U323 | H28: 74.6 | I28: 47.7 | J28: FALSE | K28: 2 | L28: =IF(sensor_data[[#This Row],[HVAC Setting]]<=2, "Low", IF(sensor_data[[#This Row],[HVAC Setting]]=3, "Normal", "High")) -> Low | M28: 10 | N28: 10 | O28: =(sensor_data[[#This Row],[Energy Consumption]]-AVERAGE(sensor_data[Energy Consumption]))/_xlfn.STDEV.P(sensor_data[Energy Consumption]) -> -0.13257982 | P28: =IF(ABS(sensor_data[[#This Row],[z_zcore]])>3, "Outlier", "Normal") -> Normal | Q28: =AVERAGEIF(sensor_data[Unit ID], sensor_data[[#This Row],[Unit ID]], sensor_data[EC]) -> 18.5915 | R28: =IF(ISBLANK(sensor_data[[#This Row],[EC]]), sensor_data[[#This Row],[average]], sensor_data[[#This Row],[EC]]) -> 10 | S28: =IF(sensor_data[[#This Row],[Filled Energy Consumption]]>AVERAGE(sensor_data[Filled Energy Consumption]), "High", "Low") -> Low | T28: T498 | U28: FALSE | V28: 11 | W28: 0 | X28: warmer
A29: 45378.107 | B29: =TEXT(sensor_data[[#This Row],[Timestamp]], "MMMM") -> March | C29: =IF(AND(HOUR(sensor_data[[#This Row],[Timestamp]])>=5, HOUR(sensor_data[[#This Row],[Timestamp]])<12), "Morning", IF(AND(HOUR(sensor_data[[#This Row],[Timestamp]])>=12, HOUR(sensor_data[[#This Row],[Timestamp]])<17), "Afternoon", IF(AND(HOUR(sensor_data[[#This Row],[Timestamp]])>=17, HOUR(sensor_data[[#This Row],[Timestamp]])<21), "Evening", "Night"))) -> Night | D29: =MONTH(sensor_data[[#This Row],[Timestamp]]) -> 3 | E29: =DAY(sensor_data[[#This Row],[Timestamp]]) -> 27 | F29: U323 | H29: 74.1 | I29: 49.6 | J29: FALSE | K29: 1 | L29: =IF(sensor_data[[#This Row],[HVAC Setting]]<=2, "Low", IF(sensor_data[[#This Row],[HVAC Setting]]=3, "Normal", "High")) -> Low | M29: 5 | N29: 5 | O29: =(sensor_data[[#This Row],[Energy Consumption]]-AVERAGE(sensor_data[Energy Consumption]))/_xlfn.STDEV.P(sensor_data[Energy Consumption]) -> -0.19072141 | P29: =IF(ABS(sensor_data[[#This Row],[z_zcore]])>3, "Outlier", "Normal") -> Normal | Q29: =AVERAGEIF(sensor_data[Unit ID], sensor_data[[#This Row],[Unit ID]], sensor_data[EC]) -> 18.5915 | R29: =IF(ISBLANK(sensor_data[[#This Row],[EC]]), sensor_data[[#This Row],[average]], sensor_data[[#This Row],[EC]]) -> 5 | S29: =IF(sensor_data[[#This Row],[Filled Energy Consumption]]>AVERAGE(sensor_data[Filled Energy Consumption]), "High", "Low") -> Low | T29: T233 | U29: FALSE | V29: 8 | W29: 0 | X29: cooler
A30: 45432.687 | B30: =TEXT(sensor_data[[#This Row],[Timestamp]], "MMMM") -> May | C30: =IF(AND(HOUR(sensor_data[[#This Row],[Timestamp]])>=5, HOUR(sensor_data[[#This Row],[Timestamp]])<12), "Morning", IF(AND(HOUR(sensor_data[[#This Row],[Timestamp]])>=12, HOUR(sensor_data[[#This Row],[Timestamp]])<17), "Afternoon", IF(AND(HOUR(sensor_data[[#This Row],[Timestamp]])>=17, HOUR(sensor_data[[#This Row],[Timestamp]])<21), "Evening", "Night"))) -> Afternoon | D30: =MONTH(sensor_data[[#This Row],[Timestamp]]) -> 5 | E30: =DAY(sensor_data[[#This Row],[Timestamp]]) -> 20 | F30: U323 | H30: 75 | I30: 56.4 | J30: FALSE | K30: 1 | L30: =IF(sensor_data[[#This Row],[HVAC Setting]]<=2, "Low", IF(sensor_data[[#This Row],[HVAC Setting]]=3, "Normal", "High")) -> Low | M30: 5 | N30: 5 | O30: =(sensor_data[[#This Row],[Energy Consumption]]-AVERAGE(sensor_data[Energy Consumption]))/_xlfn.STDEV.P(sensor_data[Energy Consumption]) -> -0.19072141 | P30: =IF(ABS(sensor_data[[#This Row],[z_zcore]])>3, "Outlier", "Normal") -> Normal | Q30: =AVERAGEIF(sensor_data[Unit ID], sensor_data[[#This Row],[Unit ID]], sensor_data[EC]) -> 18.5915 | R30: =IF(ISBLANK(sensor_data[[#This Row],[EC]]), sensor_data[[#This Row],[average]], sensor_data[[#This Row],[EC]]) -> 5 | S30: =IF(sensor_data[[#This Row],[Filled Energy Consumption]]>AVERAGE(sensor_data[Filled Energy Consumption]), "High", "Low") -> Low | T30: T372 | U30: FALSE | V30: 19 | W30: 0 | X30: cooler
... A46: 45323.543 | B46: =TEXT(sensor_data[[#This Row],[Timestamp]], "MMMM") -> February | C46: =IF(AND(HOUR(sensor_data[[#This Row],[Timestamp]])>=5, HOUR(sensor_data[[#This Row],[Timestamp]])<12), "Morning", IF(AND(HOUR(sensor_data[[#This Row],[Timestamp]])>=12, HOUR(sensor_data[[#This Row],[Timestamp]])<17), "Afternoon", IF(AND(HOUR(sensor_data[[#This Row],[Timestamp]])>=17, HOUR(sensor_data[[#This Row],[Timestamp]])<21), "Evening", "Night"))) -> Afternoon | D46: =MONTH(sensor_data[[#This Row],[Timestamp]]) -> 2 | E46: =DAY(sensor_data[[#This Row],[Timestamp]]) -> 1 | F46: U403 | H46: 54.2 | I46: 35.3 | J46: FALSE | K46: 4 | L46: =IF(sensor_data[[#This Row],[HVAC Setting]]<=2, "Low", IF(sensor_data[[#This Row],[HVAC Setting]]=3, "Normal", "High")) -> High | M46: 20 | N46: 20 | O46: =(sensor_data[[#This Row],[Energy Consumption]]-AVERAGE(sensor_data[Energy Consumption]))/_xlfn.STDEV.P(sensor_data[Energy Consumption]) -> -0.016296635 | P46: =IF(ABS(sensor_data[[#This Row],[z_zcore]])>3, "Outlier", "Normal") -> Normal | Q46: =AVERAGEIF(sensor_data[Unit ID], sensor_data[[#This Row],[Unit ID]], sensor_data[EC]) -> 14.997059 | R46: =IF(ISBLANK(sensor_data[[#This Row],[EC]]), sensor_data[[#This Row],[average]], sensor_data[[#This Row],[EC]]) -> 20 | S46: =IF(sensor_data[[#This Row],[Filled Energy Consumption]]>AVERAGE(sensor_data[Filled Energy Consumption]), "High", "Low") -> High | T46: T419 | U46: FALSE | V46: 23 | W46: 0 | X46: cooler
A47: 45536.947 | B47: =TEXT(sensor_data[[#This Row],[Timestamp]], "MMMM") -> September | C47: =IF(AND(HOUR(sensor_data[[#This Row],[Timestamp]])>=5, HOUR(sensor_data[[#This Row],[Timestamp]])<12), "Morning", IF(AND(HOUR(sensor_data[[#This Row],[Timestamp]])>=12, HOUR(sensor_data[[#This Row],[Timestamp]])<17), "Afternoon", IF(AND(HOUR(sensor_data[[#This Row],[Timestamp]])>=17, HOUR(sensor_data[[#This Row],[Timestamp]])<21), "Evening", "Night"))) -> Night | D47: =MONTH(sensor_data[[#This Row],[Timestamp]]) -> 9 | E47: =DAY(sensor_data[[#This Row],[Timestamp]]) -> 1 | F47: U403 | H47: 69.7 | I47: 57.7 | J47: TRUE | K47: 2.5 | L47: =IF(sensor_data[[#This Row],[HVAC Setting]]<=2, "Low", IF(sensor_data[[#This Row],[HVAC Setting]]=3, "Normal", "High")) -> High | O47: =(sensor_data[[#This Row],[Energy Consumption]]-AVERAGE(sensor_data[Energy Consumption]))/_xlfn.STDEV.P(sensor_data[Energy Consumption]) -> -0.248863 | P47: =IF(ABS(sensor_data[[#This Row],[z_zcore]])>3, "Outlier", "Normal") -> Normal | Q47: =AVERAGEIF(sensor_data[Unit ID], sensor_data[[#This Row],[Unit ID]], sensor_data[EC]) -> 14.997059 | R47: =IF(ISBLANK(sensor_data[[#This Row],[EC]]), sensor_data[[#This Row],[average]], sensor_data[[#This Row],[EC]]) -> 14.997059 | S47: =IF(sensor_data[[#This Row],[Filled Energy Consumption]]>AVERAGE(sensor_data[Filled Energy Consumption]), "High", "Low") -> Low | T47: T158 | U47: TRUE | V47: 16 | W47: 1 | X47: cooler
A48: 45518.633 | B48: =TEXT(sensor_data[[#This Row],[Timestamp]], "MMMM") -> August | C48: =IF(AND(HOUR(sensor_data[[#This Row],[Timestamp]])>=5, HOUR(sensor_data[[#This Row],[Timestamp]])<12), "Morning", IF(AND(HOUR(sensor_data[[#This Row],[Timestamp]])>=12, HOUR(sensor_data[[#This Row],[Timestamp]])<17), "Afternoon", IF(AND(HOUR(sensor_data[[#This Row],[Timestamp]])>=17, HOUR(sensor_data[[#This Row],[Timestamp]])<21), "Evening", "Night"))) -> Afternoon | D48: =MONTH(sensor_data[[#This Row],[Timestamp]]) -> 8 | E48: =DAY(sensor_data[[#This Row],[Timestamp]]) -> 14 | F48: U403 | H48: 90.1 | I48: 63.6 | J48: TRUE | K48: 3 | L48: =IF(sensor_data[[#This Row],[HVAC Setting]]<=2, "Low", IF(sensor_data[[#This Row],[HVAC Setting]]=3, "Normal", "High")) -> Normal | M48: 18.38 | N48: 18.38 | O48: =(sensor_data[[#This Row],[Energy Consumption]]-AVERAGE(sensor_data[Energy Consumption]))/_xlfn.STDEV.P(sensor_data[Energy Consumption]) -> -0.035134511 | P48: =IF(ABS(sensor_data[[#This Row],[z_zcore]])>3, "Outlier", "Normal") -> Normal | Q48: =AVERAGEIF(sensor_data[Unit ID], sensor_data[[#This Row],[Unit ID]], sensor_data[EC]) -> 14.997059 | R48: =IF(ISBLANK(sensor_data[[#This Row],[EC]]), sensor_data[[#This Row],[average]], sensor_data[[#This Row],[EC]]) -> 18.38 | S48: =IF(sensor_data[[#This Row],[Filled Energy Consumption]]>AVERAGE(sensor_data[Filled Energy Consumption]), "High", "Low") -> High | T48: T129 | U48: TRUE | V48: 5 | W48: 0 | X48: neutral
A49: 45591.655 | B49: =TEXT(sensor_data[[#This Row],[Timestamp]], "MMMM") -> October | C49: =IF(AND(HOUR(sensor_data[[#This Row],[Timestamp]])>=5, HOUR(sensor_data[[#This Row],[Timestamp]])<12), "Morning", IF(AND(HOUR(sensor_data[[#This Row],[Timestamp]])>=12, HOUR(sensor_data[[#This Row],[Timestamp]])<17), "Afternoon", IF(AND(HOUR(sensor_data[[#This Row],[Timestamp]])>=17, HOUR(sensor_data[[#This Row],[Timestamp]])<21), "Evening", "Night"))) -> Afternoon | D49: =MONTH(sensor_data[[#This Row],[Timestamp]]) -> 10 | E49: =DAY(sensor_data[[#This Row],[Timestamp]]) -> 26 | F49: U403 | H49: 71.8 | I49: 46 | J49: TRUE | K49: 3.5 | L49: =IF(sensor_data[[#This Row],[HVAC Setting]]<=2, "Low", IF(sensor_data[[#This Row],[HVAC Setting]]=3, "Normal", "High")) -> High | O49: =(sensor_data[[#This Row],[Energy Consumption]]-AVERAGE(sensor_data[Energy Consumption]))/_xlfn.STDEV.P(sensor_data[Energy Consumption]) -> -0.248863 | P49: =IF(ABS(sensor_data[[#This Row],[z_zcore]])>3, "Outlier", "Normal") -> Normal | Q49: =AVERAGEIF(sensor_data[Unit ID], sensor_data[[#This Row],[Unit ID]], sensor_data[EC]) -> 14.997059 | R49: =IF(ISBLANK(sensor_data[[#This Row],[EC]]), sensor_data[[#This Row],[average]], sensor_data[[#This Row],[EC]]) -> 14.997059 | S49: =IF(sensor_data[[#This Row],[Filled Energy Consumption]]>AVERAGE(sensor_data[Filled Energy Consumption]), "High", "Low") -> Low | T49: T035 | U49: TRUE | V49: 24 | W49: 1 | X49: cooler
A50: 45503.803 | B50: =TEXT(sensor_data[[#This Row],[Timestamp]], "MMMM") -> July | C50: =IF(AND(HOUR(sensor_data[[#This Row],[Timestamp]])>=5, HOUR(sensor_data[[#This Row],[Timestamp]])<12), "Morning", IF(AND(HOUR(sensor_data[[#This Row],[Timestamp]])>=12, HOUR(sensor_data[[#This Row],[Timestamp]])<17), "Afternoon", IF(AND(HOUR(sensor_data[[#This Row],[Timestamp]])>=17, HOUR(sensor_data[[#This Row],[Timestamp]])<21), "Evening", "Night"))) -> Evening | D50: =MONTH(sensor_data[[#This Row],[Timestamp]]) -> 7 | E50: =DAY(sensor_data[[#This Row],[Timestamp]]) -> 30 | F50: U403 | H50: 98.6 | I50: 55.1 | J50: TRUE | K50: 5 | L50: =IF(sensor_data[[#This Row],[HVAC Setting]]<=2, "Low", IF(sensor_data[[#This Row],[HVAC Setting]]=3, "Normal", "High")) -> High | O50: =(sensor_data[[#This Row],[Energy Consumption]]-AVERAGE(sensor_data[Energy Consumption]))/_xlfn.STDEV.P(sensor_data[Energy Consumption]) -> -0.248863 | P50: =IF(ABS(sensor_data[[#This Row],[z_zcore]])>3, "Outlier", "Normal") -> Normal | Q50: =AVERAGEIF(sensor_data[Unit ID], sensor_data[[#This Row],[Unit ID]], sensor_data[EC]) -> 14.997059 | R50: =IF(ISBLANK(sensor_data[[#This Row],[EC]]), sensor_data[[#This Row],[average]], sensor_data[[#This Row],[EC]]) -> 14.997059 | S50: =IF(sensor_data[[#This Row],[Filled Energy Consumption]]>AVERAGE(sensor_data[Filled Energy Consumption]), "High", "Low") -> Low | T50: T188 | U50: TRUE | V50: 19 | W50: 1 | X50: neutral
A51: 45574.482 | B51: =TEXT(sensor_data[[#This Row],[Timestamp]], "MMMM") -> October | C51: =IF(AND(HOUR(sensor_data[[#This Row],[Timestamp]])>=5, HOUR(sensor_data[[#This Row],[Timestamp]])<12), "Morning", IF(AND(HOUR(sensor_data[[#This Row],[Timestamp]])>=12, HOUR(sensor_data[[#This Row],[Timestamp]])<17), "Afternoon", IF(AND(HOUR(sensor_data[[#This Row],[Timestamp]])>=17, HOUR(sensor_data[[#This Row],[Timestamp]])<21), "Evening", "Night"))) -> Morning | D51: =MONTH(sensor_data[[#This Row],[Timestamp]]) -> 10 | E51: =DAY(sensor_data[[#This Row],[Timestamp]]) -> 9 | F51: U403 | H51: 78.8 | I51: 55.4 | J51: FALSE | K51: 2 | L51: =IF(sensor_data[[#This Row],[HVAC Setting]]<=2, "Low", IF(sensor_data[[#This Row],[HVAC Setting]]=3, "Normal", "High")) -> Low | M51: 10 | N51: 10 | O51: =(sensor_data[[#This Row],[Energy Consumption]]-AVERAGE(sensor_data[Energy Consumption]))/_xlfn.STDEV.P(sensor_data[Energy Consumption]) -> -0.13257982 | P51: =IF(ABS(sensor_data[[#This Row],[z_zcore]])>3, "Outlier", "Normal") -> Normal | Q51: =AVERAGEIF(sensor_data[Unit ID], sensor_data[[#This Row],[Unit ID]], sensor_data[EC]) -> 14.997059 | R51: =IF(ISBLANK(sensor_data[[#This Row],[EC]]), sensor_data[[#This Row],[average]], sensor_data[[#This Row],[EC]]) -> 10 | S51: =IF(sensor_data[[#This Row],[Filled Energy Consumption]]>AVERAGE(sensor_data[Filled Energy Consumption]), "High", "Low") -> Low | T51: T185 | U51: FALSE | V51: 14 | W51: 0 | X51: cooler
A52: 45649.646 | B52: =TEXT(sensor_data[[#This Row],[Timestamp]], "MMMM") -> December | C52: =IF(AND(HOUR(sensor_data[[#This Row],[Timestamp]])>=5, HOUR(sensor_data[[#This Row],[Timestamp]])<12), "Morning", IF(AND(HOUR(sensor_data[[#This Row],[Timestamp]])>=12, HOUR(sensor_data[[#This Row],[Timestamp]])<17), "Afternoon", IF(AND(HOUR(sensor_data[[#This Row],[Timestamp]])>=17, HOUR(sensor_data[[#This Row],[Timestamp]])<21), "Evening", "Night"))) -> Afternoon | D52: =MONTH(sensor_data[[#This Row],[Timestamp]]) -> 12 | E52: =DAY(sensor_data[[#This Row],[Timestamp]]) -> 23 | F52: U403 | H52: 40 | I52: 38.5 | J52: TRUE | K52: 4 | L52: =IF(sensor_data[[#This Row],[HVAC Setting]]<=2, "Low", IF(sensor_data[[#This Row],[HVAC Setting]]=3, "Normal", "High")) -> High | M52: 23.82 | N52: 23.82 | O52: =(sensor_data[[#This Row],[Energy Consumption]]-AVERAGE(sensor_data[Energy Consumption]))/_xlfn.STDEV.P(sensor_data[Energy Consumption]) -> 0.028123539 | P52: =IF(ABS(sensor_data[[#This Row],[z_zcore]])>3, "Outlier", "Normal") -> Normal | Q52: =AVERAGEIF(sensor_data[Unit ID], sensor_data[[#This Row],[Unit ID]], sensor_data[EC]) -> 14.997059 | R52: =IF(ISBLANK(sensor_data[[#This Row],[EC]]), sensor_data[[#This Row],[average]], sensor_data[[#This Row],[EC]]) -> 23.82 | S52: =IF(sensor_data[[#This Row],[Filled Energy Consumption]]>AVERAGE(sensor_data[Filled Energy Consumption]), "High", "Low") -> High | T52: T402 | U52: TRUE | V52: 1 | W52: 1 | X52: neutral
A53: 45443.403 | B53: =TEXT(sensor_data[[#This Row],[Timestamp]], "MMMM") -> May | C53: =IF(AND(HOUR(sensor_data[[#This Row],[Timestamp]])>=5, HOUR(sensor_data[[#This Row],[Timestamp]])<12), "Morning", IF(AND(HOUR(sensor_data[[#This Row],[Timestamp]])>=12, HOUR(sensor_data[[#This Row],[Timestamp]])<17), "Afternoon", IF(AND(HOUR(sensor_data[[#This Row],[Timestamp]])>=17, HOUR(sensor_data[[#This Row],[Timestamp]])<21), "Evening", "Night"))) -> Morning | D53: =MONTH(sensor_data[[#This Row],[Timestamp]]) -> 5 | E53: =DAY(sensor_data[[#This Row],[Timestamp]]) -> 31 | F53: U403 | H53: 65.1 | I53: 41.7 | J53: FALSE | K53: 2 | L53: =IF(sensor_data[[#This Row],[HVAC Setting]]<=2, "Low", IF(sensor_data[[#This Row],[HVAC Setting]]=3, "Normal", "High")) -> Low | M53: 10 | N53: 10 | O53: =(sensor_data[[#This Row],[Energy Consumption]]-AVERAGE(sensor_data[Energy Consumption]))/_xlfn.STDEV.P(sensor_data[Energy Consumption]) -> -0.13257982 | P53: =IF(ABS(sensor_data[[#This Row],[z_zcore]])>3, "Outlier", "Normal") -> Normal | Q53: =AVERAGEIF(sensor_data[Unit ID], sensor_data[[#This Row],[Unit ID]], sensor_data[EC]) -> 14.997059 | R53: =IF(ISBLANK(sensor_data[[#This Row],[EC]]), sensor_data[[#This Row],[average]], sensor_data[[#This Row],[EC]]) -> 10 | S53: =IF(sensor_data[[#This Row],[Filled Energy Consumption]]>AVERAGE(sensor_data[Filled Energy Consumption]), "High", "Low") -> Low | T53: T068 | U53: FALSE | V53: 5 | W53: 0 | X53: cooler
A54: 45550.482 | B54: =TEXT(sensor_data[[#This Row],[Timestamp]], "MMMM") -> September | C54: =IF(AND(HOUR(sensor_data[[#This Row],[Timestamp]])>=5, HOUR(sensor_data[[#This Row],[Timestamp]])<12), "Morning", IF(AND(HOUR(sensor_data[[#This Row],[Timestamp]])>=12, HOUR(sensor_data[[#This Row],[Timestamp]])<17), "Afternoon", IF(AND(HOUR(sensor_data[[#This Row],[Timestamp]])>=17, HOUR(sensor_data[[#This Row],[Timestamp]])<21), "Evening", "Night"))) -> Morning | D54: =MONTH(sensor_data[[#This Row],[Timestamp]]) -> 9 | E54: =DAY(sensor_data[[#This Row],[Timestamp]]) -> 15 | F54: U403 | H54: 80.5 | I54: 30.6 | J54: TRUE | K54: 3.5 | L54: =IF(sensor_data[[#This Row],[HVAC Setting]]<=2, "Low", IF(sensor_data[[#This Row],[HVAC Setting]]=3, "Normal", "High")) -> High | M54: 20.49 | N54: 20.49 | O54: =(sensor_data[[#This Row],[Energy Consumption]]-AVERAGE(sensor_data[Energy Consumption]))/_xlfn.STDEV.P(sensor_data[Energy Consumption]) -> -0.01059876 | P54: =IF(ABS(sensor_data[[#This Row],[z_zcore]])>3, "Outlier", "Normal") -> Normal | Q54: =AVERAGEIF(sensor_data[Unit ID], sensor_data[[#This Row],[Unit ID]], sensor_data[EC]) -> 14.997059 | R54: =IF(ISBLANK(sensor_data[[#This Row],[EC]]), sensor_data[[#This Row],[average]], sensor_data[[#This Row],[EC]]) -> 20.49 | S54: =IF(sensor_data[[#This Row],[Filled Energy Consumption]]>AVERAGE(sensor_data[Filled Energy Consumption]), "High", "Low") -> High | T54: T289 | U54: TRUE | V54: 23 | W54: 1 | X54: cooler
A55: 45389.238 | B55: =TEXT(sensor_data[[#This Row],[Timestamp]], "MMMM") -> April | C55: =IF(AND(HOUR(sensor_data[[#This Row],[Timestamp]])>=5, HOUR(sensor_data[[#This Row],[Timestamp]])<12), "Morning", IF(AND(HOUR(sensor_data[[#This Row],[Timestamp]])>=12, HOUR(sensor_data[[#This Row],[Timestamp]])<17), "Afternoon", IF(AND(HOUR(sensor_data[[#This Row],[Timestamp]])>=17, HOUR(sensor_data[[#This Row],[Timestamp]])<21), "Evening", "Night"))) -> Morning | D55: =MONTH(sensor_data[[#This Row],[Timestamp]]) -> 4 | E55: =DAY(sensor_data[[#This Row],[Timestamp]]) -> 7 | F55: U403 | H55: 67 | I55: 32.4 | J55: FALSE | K55: 0.5 | L55: =IF(sensor_data[[#This Row],[HVAC Setting]]<=2, "Low", IF(sensor_data[[#This Row],[HVAC Setting]]=3, "Normal", "High")) -> Low | M55: 3.68 | N55: 3.68 | O55: =(sensor_data[[#This Row],[Energy Consumption]]-AVERAGE(sensor_data[Energy Consumption]))/_xlfn.STDEV.P(sensor_data[Energy Consumption]) -> -0.20607079 | P55: =IF(ABS(sensor_data[[#This Row],[z_zcore]])>3, "Outlier", "Normal") -> Normal | Q55: =AVERAGEIF(sensor_data[Unit ID], sensor_data[[#This Row],[Unit ID]], sensor_data[EC]) -> 14.997059 | R55: =IF(ISBLANK(sensor_data[[#This Row],[EC]]), sensor_data[[#This Row],[average]], sensor_data[[#This Row],[EC]]) -> 3.68 | S55: =IF(sensor_data[[#This Row],[Filled Energy Consumption]]>AVERAGE(sensor_data[Filled Energy Consumption]), "High", "Low") -> Low | T55: T131 | U55: FALSE | V55: 18 | W55: 0 | X55: cooler
A56: 45567.51 | B56: =TEXT(sensor_data[[#This Row],[Timestamp]], "MMMM") -> October | C56: =IF(AND(HOUR(sensor_data[[#This Row],[Timestamp]])>=5, HOUR(sensor_data[[#This Row],[Timestamp]])<12), "Morning", IF(AND(HOUR(sensor_data[[#This Row],[Timestamp]])>=12, HOUR(sensor_data[[#This Row],[Timestamp]])<17), "Afternoon", IF(AND(HOUR(sensor_data[[#This Row],[Timestamp]])>=17, HOUR(sensor_data[[#This Row],[Timestamp]])<21), "Evening", "Night"))) -> Afternoon | D56: =MONTH(sensor_data[[#This Row],[Timestamp]]) -> 10 | E56: =DAY(sensor_data[[#This Row],[Timestamp]]) -> 2 | F56: U403 | H56: 70.6 | I56: 55.8 | J56: TRUE | K56: 2 | L56: =IF(sensor_data[[#This Row],[HVAC Setting]]<=2, "Low", IF(sensor_data[[#This Row],[HVAC Setting]]=3, "Normal", "High")) -> Low | M56: 12.49 | N56: 12.49 | O56: =(sensor_data[[#This Row],[Energy Consumption]]-AVERAGE(sensor_data[Energy Consumption]))/_xlfn.STDEV.P(sensor_data[Energy Consumption]) -> -0.1036253 | P56: =IF(ABS(sensor_data[[#This Row],[z_zcore]])>3, "Outlier", "Normal") -> Normal | Q56: =AVERAGEIF(sensor_data[Unit ID], sensor_data[[#This Row],[Unit ID]], sensor_data[EC]) -> 14.997059 | R56: =IF(ISBLANK(sensor_data[[#This Row],[EC]]), sensor_data[[#This Row],[average]], sensor_data[[#This Row],[EC]]) -> 12.49 | S56: =IF(sensor_data[[#This Row],[Filled Energy Consumption]]>AVERAGE(sensor_data[Filled Energy Consumption]), "High", "Low") -> Low | T56: T130 | U56: TRUE | V56: 15 | W56: 0 | X56: neutral
A57: 45611.814 | B57: =TEXT(sensor_data[[#This Row],[Timestamp]], "MMMM") -> November | C57: =IF(AND(HOUR(sensor_data[[#This Row],[Timestamp]])>=5, HOUR(sensor_data[[#This Row],[Timestamp]])<12), "Morning", IF(AND(HOUR(sensor_data[[#This Row],[Timestamp]])>=12, HOUR(sensor_data[[#This Row],[Timestamp]])<17), "Afternoon", IF(AND(HOUR(sensor_data[[#This Row],[Timestamp]])>=17, HOUR(sensor_data[[#This Row],[Timestamp]])<21), "Evening", "Night"))) -> Evening | D57: =MONTH(sensor_data[[#This Row],[Timestamp]]) -> 11 | E57: =DAY(sensor_data[[#This Row],[Timestamp]]) -> 15 | F57: U403 | H57: 63.6 | I57: 52.5 | J57: TRUE | K57: 3 | L57: =IF(sensor_data[[#This Row],[HVAC Setting]]<=2, "Low", IF(sensor_data[[#This Row],[HVAC Setting]]=3, "Normal", "High")) -> Normal | M57: 20.56 | N57: 20.56 | O57: =(sensor_data[[#This Row],[Energy Consumption]]-AVERAGE(sensor_data[Energy Consumption]))/_xlfn.STDEV.P(sensor_data[Energy Consumption]) -> -0.0097847774 | P57: =IF(ABS(sensor_data[[#This Row],[z_zcore]])>3, "Outlier", "Normal") -> Normal | Q57: =AVERAGEIF(sensor_data[Unit ID], sensor_data[[#This Row],[Unit ID]], sensor_data[EC]) -> 14.997059 | R57: =IF(ISBLANK(sensor_data[[#This Row],[EC]]), sensor_data[[#This Row],[average]], sensor_data[[#This Row],[EC]]) -> 20.56 | S57: =IF(sensor_data[[#This Row],[Filled Energy Consumption]]>AVERAGE(sensor_data[Filled Energy Consumption]), "High", "Low") -> High | T57: T431 | U57: TRUE | V57: 13 | W57: 1 | X57: warmer
A58: 45413.817 | B58: =TEXT(sensor_data[[#This Row],[Timestamp]], "MMMM") -> May | C58: =IF(AND(HOUR(sensor_data[[#This Row],[Timestamp]])>=5, HOUR(sensor_data[[#This Row],[Timestamp]])<12), "Morning", IF(AND(HOUR(sensor_data[[#This Row],[Timestamp]])>=12, HOUR(sensor_data[[#This Row],[Timestamp]])<17), "Afternoon", IF(AND(HOUR(sensor_data[[#This Row],[Timestamp]])>=17, HOUR(sensor_data[[#This Row],[Timestamp]])<21), "Evening", "Night"))) -> Evening | D58: =MONTH(sensor_data[[#This Row],[Timestamp]]) -> 5 | E58: =DAY(sensor_data[[#This Row],[Timestamp]]) -> 1 | F58: U403 | H58: 76.2 | I58: 53.8 | J58: TRUE | K58: 4 | L58: =IF(sensor_data[[#This Row],[HVAC Setting]]<=2, "Low", IF(sensor_data[[#This Row],[HVAC Setting]]=3, "Normal", "High")) -> High | M58: 23.12 | N58: 23.12 | O58: =(sensor_data[[#This Row],[Energy Consumption]]-AVERAGE(sensor_data[Energy Consumption]))/_xlfn.STDEV.P(sensor_data[Energy Consumption]) -> 0.019983717 | P58: =IF(ABS(sensor_data[[#This Row],[z_zcore]])>3, "Outlier", "Normal") -> Normal | Q58: =AVERAGEIF(sensor_data[Unit ID], sensor_data[[#This Row],[Unit ID]], sensor_data[EC]) -> 14.997059 | R58: =IF(ISBLANK(sensor_data[[#This Row],[EC]]), sensor_data[[#This Row],[average]], sensor_data[[#This Row],[EC]]) -> 23.12 | S58: =IF(sensor_data[[#This Row],[Filled Energy Consumption]]>AVERAGE(sensor_data[Filled Energy Consumption]), "High", "Low") -> High | T58: T003 | U58: TRUE | V58: 24 | W58: 0 | X58: neutral
A59: 45526.002 | B59: =TEXT(sensor_data[[#This Row],[Timestamp]], "MMMM") -> August | C59: =IF(AND(HOUR(sensor_data[[#This Row],[Timestamp]])>=5, HOUR(sensor_data[[#This Row],[Timestamp]])<12), "Morning", IF(AND(HOUR(sensor_data[[#This Row],[Timestamp]])>=12, HOUR(sensor_data[[#This Row],[Timestamp]])<17), "Afternoon", IF(AND(HOUR(sensor_data[[#This Row],[Timestamp]])>=17, HOUR(sensor_data[[#This Row],[Timestamp]])<21), "Evening", "Night"))) -> Night | D59: =MONTH(sensor_data[[#This Row],[Timestamp]]) -> 8 | E59: =DAY(sensor_data[[#This Row],[Timestamp]]) -> 22 | F59: U403 | H59: 95.7 | I59: 55.2 | J59: FALSE | K59: 2 | L59: =IF(sensor_data[[#This Row],[HVAC Setting]]<=2, "Low", IF(sensor_data[[#This Row],[HVAC Setting]]=3, "Normal", "High")) -> Low | M59: 12 | N59: 12 | O59: =(sensor_data[[#This Row],[Energy Consumption]]-AVERAGE(sensor_data[Energy Consumption]))/_xlfn.STDEV.P(sensor_data[Energy Consumption]) -> -0.10932318 | P59: =IF(ABS(sensor_data[[#This Row],[z_zcore]])>3, "Outlier", "Normal") -> Normal | Q59: =AVERAGEIF(sensor_data[Unit ID], sensor_data[[#This Row],[Unit ID]], sensor_data[EC]) -> 14.997059 | R59: =IF(ISBLANK(sensor_data[[#This Row],[EC]]), sensor_data[[#This Row],[average]], sensor_data[[#This Row],[EC]]) -> 12 | S59: =IF(sensor_data[[#This Row],[Filled Energy Consumption]]>AVERAGE(sensor_data[Filled Energy Consumption]), "High", "Low") -> Low | T59: T413 | U59: FALSE | V59: 6 | W59: 0 | X59: neutral
A60: 45404.731 | B60: =TEXT(sensor_data[[#This Row],[Timestamp]], "MMMM") -> April | C60: =IF(AND(HOUR(sensor_data[[#This Row],[Timestamp]])>=5, HOUR(sensor_data[[#This Row],[Timestamp]])<12), "Morning", IF(AND(HOUR(sensor_data[[#This Row],[Timestamp]])>=12, HOUR(sensor_data[[#This Row],[Timestamp]])<17), "Afternoon", IF(AND(HOUR(sensor_data[[#This Row],[Timestamp]])>=17, HOUR(sensor_data[[#This Row],[Timestamp]])<21), "Evening", "Night"))) -> Evening | D60: =MONTH(sensor_data[[#This Row],[Timestamp]]) -> 4 | E60: =DAY(sensor_data[[#This Row],[Timestamp]]) -> 22 | F60: U403 | H60: 74.2 | I60: 36.2 | J60: TRUE | K60: 3 | L60: =IF(sensor_data[[#This Row],[HVAC Setting]]<=2, "Low", IF(sensor_data[[#This Row],[HVAC Setting]]=3, "Normal", "High")) -> Normal | M60: 18.6 | N60: 18.6 | O60: =(sensor_data[[#This Row],[Energy Consumption]]-AVERAGE(sensor_data[Energy Consumption]))/_xlfn.STDEV.P(sensor_data[Energy Consumption]) -> -0.032576281 | P60: =IF(ABS(sensor_data[[#This Row],[z_zcore]])>3, "Outlier", "Normal") -> Normal | Q60: =AVERAGEIF(sensor_data[Unit ID], sensor_data[[#This Row],[Unit ID]], sensor_data[EC]) -> 14.997059 | R60: =IF(ISBLANK(sensor_data[[#This Row],[EC]]), sensor_data[[#This Row],[average]], sensor_data[[#This Row],[EC]]) -> 18.6 | S60: =IF(sensor_data[[#This Row],[Filled Energy Consumption]]>AVERAGE(sensor_data[Filled Energy Consumption]), "High", "Low") -> High | T60: T024 | U60: TRUE | V60: 22 | W60: 1 | X60: neutral
A61: 45316.633 | B61: =TEXT(sensor_data[[#This Row],[Timestamp]], "MMMM") -> January | C61: =IF(AND(HOUR(sensor_data[[#This Row],[Timestamp]])>=5, HOUR(sensor_data[[#This Row],[Timestamp]])<12), "Morning", IF(AND(HOUR(sensor_data[[#This Row],[Timestamp]])>=12, HOUR(sensor_data[[#This Row],[Timestamp]])<17), "Afternoon", IF(AND(HOUR(sensor_data[[#This Row],[Timestamp]])>=17, HOUR(sensor_data[[#This Row],[Timestamp]])<21), "Evening", "Night"))) -> Afternoon | D61: =MONTH(sensor_data[[#This Row],[Timestamp]]) -> 1 | E61: =DAY(sensor_data[[#This Row],[Timestamp]]) -> 25 | F61: U403 | H61: 47.1 | I61: 29.2 | J61: TRUE | K61: 3 | L61: =IF(sensor_data[[#This Row],[HVAC Setting]]<=2, "Low", IF(sensor_data[[#This Row],[HVAC Setting]]=3, "Normal", "High")) -> Normal | M61: 19.12 | N61: 19.12 | O61: =(sensor_data[[#This Row],[Energy Consumption]]-AVERAGE(sensor_data[Energy Consumption]))/_xlfn.STDEV.P(sensor_data[Energy Consumption]) -> -0.026529555 | P61: =IF(ABS(sensor_data[[#This Row],[z_zcore]])>3, "Outlier", "Normal") -> Normal | Q61: =AVERAGEIF(sensor_data[Unit ID], sensor_data[[#This Row],[Unit ID]], sensor_data[EC]) -> 14.997059 | R61: =IF(ISBLANK(sensor_data[[#This Row],[EC]]), sensor_data[[#This Row],[average]], sensor_data[[#This Row],[EC]]) -> 19.12 | S61: =IF(sensor_data[[#This Row],[Filled Energy Consumption]]>AVERAGE(sensor_data[Filled Energy Consumption]), "High", "Low") -> High | T61: T085 | U61: TRUE | V61: 12 | W61: 1 | X61: warmer
A62: 45315.675 | B62: =TEXT(sensor_data[[#This Row],[Timestamp]], "MMMM") -> January | C62: =IF(AND(HOUR(sensor_data[[#This Row],[Timestamp]])>=5, HOUR(sensor_data[[#This Row],[Timestamp]])<12), "Morning", IF(AND(HOUR(sensor_data[[#This Row],[Timestamp]])>=12, HOUR(sensor_data[[#This Row],[Timestamp]])<17), "Afternoon", IF(AND(HOUR(sensor_data[[#This Row],[Timestamp]])>=17, HOUR(sensor_data[[#This Row],[Timestamp]])<21), "Evening", "Night"))) -> Afternoon | D62: =MONTH(sensor_data[[#This Row],[Timestamp]]) -> 1 | E62: =DAY(sensor_data[[#This Row],[Timestamp]]) -> 24 | F62: U293 | H62: 41.9 | I62: 34.5 | J62: FALSE | K62: 2 | L62: =IF(sensor_data[[#This Row],[HVAC Setting]]<=2, "Low", IF(sensor_data[[#This Row],[HVAC Setting]]=3, "Normal", "High")) -> Low | O62: =(sensor_data[[#This Row],[Energy Consumption]]-AVERAGE(sensor_data[Energy Consumption]))/_xlfn.STDEV.P(sensor_data[Energy Consumption]) -> -0.248863 | P62: =IF(ABS(sensor_data[[#This Row],[z_zcore]])>3, "Outlier", "Normal") -> Normal | Q62: =AVERAGEIF(sensor_data[Unit ID], sensor_data[[#This Row],[Unit ID]], sensor_data[EC]) -> 16.371579 | R62: =IF(ISBLANK(sensor_data[[#This Row],[EC]]), sensor_data[[#This Row],[average]], sensor_data[[#This Row],[EC]]) -> 16.371579 | S62: =IF(sensor_data[[#This Row],[Filled Energy Consumption]]>AVERAGE(sensor_data[Filled Energy Consumption]), "High", "Low") -> Low | T62: T342 | U62: FALSE | V62: 22 | W62: 0 | X62: warmer
A63: 45645.341 | B63: =TEXT(sensor_data[[#This Row],[Timestamp]], "MMMM") -> December | C63: =IF(AND(HOUR(sensor_data[[#This Row],[Timestamp]])>=5, HOUR(sensor_data[[#This Row],[Timestamp]])<12), "Morning", IF(AND(HOUR(sensor_data[[#This Row],[Timestamp]])>=12, HOUR(sensor_data[[#This Row],[Timestamp]])<17), "Afternoon", IF(AND(HOUR(sensor_data[[#This Row],[Timestamp]])>=17, HOUR(sensor_data[[#This Row],[Timestamp]])<21), "Evening", "Night"))) -> Morning | D63: =MONTH(sensor_data[[#This Row],[Timestamp]]) -> 12 | E63: =DAY(sensor_data[[#This Row],[Timestamp]]) -> 19 | F63: U293 | H63: 43.5 | I63: 35.8 | J63: FALSE | K63: 4 | L63: =IF(sensor_data[[#This Row],[HVAC Setting]]<=2, "Low", IF(sensor_data[[#This Row],[HVAC Setting]]=3, "Normal", "High")) -> High | M63: 22 | N63: 22 | O63: =(sensor_data[[#This Row],[Energy Consumption]]-AVERAGE(sensor_data[Energy Consumption]))/_xlfn.STDEV.P(sensor_data[Energy Consumption]) -> 0.0069600005 | P63: =IF(ABS(sensor_data[[#This Row],[z_zcore]])>3, "Outlier", "Normal") -> Normal | Q63: =AVERAGEIF(sensor_data[Unit ID], sensor_data[[#This Row],[Unit ID]], sensor_data[EC]) -> 16.371579 | R63: =IF(ISBLANK(sensor_data[[#This Row],[EC]]), sensor_data[[#This Row],[average]], sensor_data[[#This Row],[EC]]) -> 22 | S63: =IF(sensor_data[[#This Row],[Filled Energy Consumption]]>AVERAGE(sensor_data[Filled Energy Consumption]), "High", "Low") -> High | T63: T272 | U63: FALSE | V63: 1 | W63: 0 | X63: neutral
A64: 45404.89 | B64: =TEXT(sensor_data[[#This Row],[Timestamp]], "MMMM") -> April | C64: =IF(AND(HOUR(sensor_data[[#This Row],[Timestamp]])>=5, HOUR(sensor_data[[#This Row],[Timestamp]])<12), "Morning", IF(AND(HOUR(sensor_data[[#This Row],[Timestamp]])>=12, HOUR(sensor_data[[#This Row],[Timestamp]])<17), "Afternoon", IF(AND(HOUR(sensor_data[[#This Row],[Timestamp]])>=17, HOUR(sensor_data[[#This Row],[Timestamp]])<21), "Evening", "Night"))) -> Night | D64: =MONTH(sensor_data[[#This Row],[Timestamp]]) -> 4 | E64: =DAY(sensor_data[[#This Row],[Timestamp]]) -> 22 | F64: U293 | H64: 80.1 | I64: 42.1 | J64: TRUE | K64: 5 | L64: =IF(sensor_data[[#This Row],[HVAC Setting]]<=2, "Low", IF(sensor_data[[#This Row],[HVAC Setting]]=3, "Normal", "High")) -> High | M64: 27.94 | N64: 27.94 | O64: =(sensor_data[[#This Row],[Energy Consumption]]-AVERAGE(sensor_data[Energy Consumption]))/_xlfn.STDEV.P(sensor_data[Energy Consumption]) -> 0.07603221 | P64: =IF(ABS(sensor_data[[#This Row],[z_zcore]])>3, "Outlier", "Normal") -> Normal | Q64: =AVERAGEIF(sensor_data[Unit ID], sensor_data[[#This Row],[Unit ID]], sensor_data[EC]) -> 16.371579 | R64: =IF(ISBLANK(sensor_data[[#This Row],[EC]]), sensor_data[[#This Row],[average]], sensor_data[[#This Row],[EC]]) -> 27.94 | S64: =IF(sensor_data[[#This Row],[Filled Energy Consumption]]>AVERAGE(sensor_data[Filled Energy Consumption]), "High", "Low") -> High | T64: T311 | U64: TRUE | V64: 12 | W64: 1 | X64: warmer
A65: 45626.619 | B65: =TEXT(sensor_data[[#This Row],[Timestamp]], "MMMM") -> November | C65: =IF(AND(HOUR(sensor_data[[#This Row],[Timestamp]])>=5, HOUR(sensor_data[[#This Row],[Timestamp]])<12), "Morning", IF(AND(HOUR(sensor_data[[#This Row],[Timestamp]])>=12, HOUR(sensor_data[[#This Row],[Timestamp]])<17), "Afternoon", IF(AND(HOUR(sensor_data[[#This Row],[Timestamp]])>=17, HOUR(sensor_data[[#This Row],[Timestamp]])<21), "Evening", "Night"))) -> Afternoon | D65: =MONTH(sensor_data[[#This Row],[Timestamp]]) -> 11 | E65: =DAY(sensor_data[[#This Row],[Timestamp]]) -> 30 | F65: U293 | H65: 62.5 | I65: 54.6 | J65: FALSE | K65: 3.5 | L65: =IF(sensor_data[[#This Row],[HVAC Setting]]<=2, "Low", IF(sensor_data[[#This Row],[HVAC Setting]]=3, "Normal", "High")) -> High | M65: 18.38 | N65: 18.38 | O65: =(sensor_data[[#This Row],[Energy Consumption]]-AVERAGE(sensor_data[Energy Consumption]))/_xlfn.STDEV.P(sensor_data[Energy Consumption]) -> -0.035134511 | P65: =IF(ABS(sensor_data[[#This Row],[z_zcore]])>3, "Outlier", "Normal") -> Normal | Q65: =AVERAGEIF(sensor_data[Unit ID], sensor_data[[#This Row],[Unit ID]], sensor_data[EC]) -> 16.371579 | R65: =IF(ISBLANK(sensor_data[[#This Row],[EC]]), sensor_data[[#This Row],[average]], sensor_data[[#This Row],[EC]]) -> 18.38 | S65: =IF(sensor_data[[#This Row],[Filled Energy Consumption]]>AVERAGE(sensor_data[Filled Energy Consumption]), "High", "Low") -> High | T65: T468 | U65: FALSE | V65: 2 | W65: 1 | X65: neutral
A66: 45633.686 | B66: =TEXT(sensor_data[[#This Row],[Timestamp]], "MMMM") -> December | C66: =IF(AND(HOUR(sensor_data[[#This Row],[Timestamp]])>=5, HOUR(sensor_data[[#This Row],[Timestamp]])<12), "Morning", IF(AND(HOUR(sensor_data[[#This Row],[Timestamp]])>=12, HOUR(sensor_data[[#This Row],[Timestamp]])<17), "Afternoon", IF(AND(HOUR(sensor_data[[#This Row],[Timestamp]])>=17, HOUR(sensor_data[[#This Row],[Timestamp]])<21), "Evening", "Night"))) -> Afternoon | D66: =MONTH(sensor_data[[#This Row],[Timestamp]]) -> 12 | E66: =DAY(sensor_data[[#This Row],[Timestamp]]) -> 7 | F66: U293 | H66: 44.7 | I66: 37.6 | J66: TRUE | K66: 5 | L66: =IF(sensor_data[[#This Row],[HVAC Setting]]<=2, "Low", IF(sensor_data[[#This Row],[HVAC Setting]]=3, "Normal", "High")) -> High | M66: 30.46 | N66: 30.46 | O66: =(sensor_data[[#This Row],[Energy Consumption]]-AVERAGE(sensor_data[Energy Consumption]))/_xlfn.STDEV.P(sensor_data[Energy Consumption]) -> 0.10533557 | P66: =IF(ABS(sensor_data[[#This Row],[z_zcore]])>3, "Outlier", "Normal") -> Normal | Q66: =AVERAGEIF(sensor_data[Unit ID], sensor_data[[#This Row],[Unit ID]], sensor_data[EC]) -> 16.371579 | R66: =IF(ISBLANK(sensor_data[[#This Row],[EC]]), sensor_data[[#This Row],[average]], sensor_data[[#This Row],[EC]]) -> 30.46 | S66: =IF(sensor_data[[#This Row],[Filled Energy Consumption]]>AVERAGE(sensor_data[Filled Energy Consumption]), "High", "Low") -> High | T66: T367 | U66: TRUE | V66: 15 | W66: 1 | X66: cooler
A67: 45386.123 | B67: =TEXT(sensor_data[[#This Row],[Timestamp]], "MMMM") -> April | C67: =IF(AND(HOUR(sensor_data[[#This Row],[Timestamp]])>=5, HOUR(sensor_data[[#This Row],[Timestamp]])<12), "Morning", IF(AND(HOUR(sensor_data[[#This Row],[Timestamp]])>=12, HOUR(sensor_data[[#This Row],[Timestamp]])<17), "Afternoon", IF(AND(HOUR(sensor_data[[#This Row],[Timestamp]])>=17, HOUR(sensor_data[[#This Row],[Timestamp]])<21), "Evening", "Night"))) -> Night | D67: =MONTH(sensor_data[[#This Row],[Timestamp]]) -> 4 | E67: =DAY(sensor_data[[#This Row],[Timestamp]]) -> 4 | F67: U293 | H67: 57.6 | I67: 56.1 | J67: FALSE | K67: 0 | L67: =IF(sensor_data[[#This Row],[HVAC Setting]]<=2, "Low", IF(sensor_data[[#This Row],[HVAC Setting]]=3, "Normal", "High")) -> Low | M67: 1 | N67: 1 | O67: =(sensor_data[[#This Row],[Energy Consumption]]-AVERAGE(sensor_data[Energy Consumption]))/_xlfn.STDEV.P(sensor_data[Energy Consumption]) -> -0.23723468 | P67: =IF(ABS(sensor_data[[#This Row],[z_zcore]])>3, "Outlier", "Normal") -> Normal | Q67: =AVERAGEIF(sensor_data[Unit ID], sensor_data[[#This Row],[Unit ID]], sensor_data[EC]) -> 16.371579 | R67: =IF(ISBLANK(sensor_data[[#This Row],[EC]]), sensor_data[[#This Row],[average]], sensor_data[[#This Row],[EC]]) -> 1 | S67: =IF(sensor_data[[#This Row],[Filled Energy Consumption]]>AVERAGE(sensor_data[Filled Energy Consumption]), "High", "Low") -> Low | T67: T281 | U67: FALSE | V67: 1 | W67: 0 | X67: warmer
A68: 45356.961 | B68: =TEXT(sensor_data[[#This Row],[Timestamp]], "MMMM") -> March | C68: =IF(AND(HOUR(sensor_data[[#This Row],[Timestamp]])>=5, HOUR(sensor_data[[#This Row],[Timestamp]])<12), "Morning", IF(AND(HOUR(sensor_data[[#This Row],[Timestamp]])>=12, HOUR(sensor_data[[#This Row],[Timestamp]])<17), "Afternoon", IF(AND(HOUR(sensor_data[[#This Row],[Timestamp]])>=17, HOUR(sensor_data[[#This Row],[Timestamp]])<21), "Evening", "Night"))) -> Night | D68: =MONTH(sensor_data[[#This Row],[Timestamp]]) -> 3 | E68: =DAY(sensor_data[[#This Row],[Timestamp]]) -> 5 | F68: U293 | H68: 65.5 | I68: 37 | J68: FALSE | K68: 3 | L68: =IF(sensor_data[[#This Row],[HVAC Setting]]<=2, "Low", IF(sensor_data[[#This Row],[HVAC Setting]]=3, "Normal", "High")) -> Normal | M68: 15 | N68: 15 | O68: =(sensor_data[[#This Row],[Energy Consumption]]-AVERAGE(sensor_data[Energy Consumption]))/_xlfn.STDEV.P(sensor_data[Energy Consumption]) -> -0.074438226 | P68: =IF(ABS(sensor_data[[#This Row],[z_zcore]])>3, "Outlier", "Normal") -> Normal | Q68: =AVERAGEIF(sensor_data[Unit ID], sensor_data[[#This Row],[Unit ID]], sensor_data[EC]) -> 16.371579 | R68: =IF(ISBLANK(sensor_data[[#This Row],[EC]]), sensor_data[[#This Row],[average]], sensor_data[[#This Row],[EC]]) -> 15 | S68: =IF(sensor_data[[#This Row],[Filled Energy Consumption]]>AVERAGE(sensor_data[Filled Energy Consumption]), "High", "Low") -> Low | T68: T154 | U68: FALSE | V68: 20 | W68: 1 | X68: neutral
A69: 45612.252 | B69: =TEXT(sensor_data[[#This Row],[Timestamp]], "MMMM") -> November | C69: =IF(AND(HOUR(sensor_data[[#This Row],[Timestamp]])>=5, HOUR(sensor_data[[#This Row],[Timestamp]])<12), "Morning", IF(AND(HOUR(sensor_data[[#This Row],[Timestamp]])>=12, HOUR(sensor_data[[#This Row],[Timestamp]])<17), "Afternoon", IF(AND(HOUR(sensor_data[[#This Row],[Timestamp]])>=17, HOUR(sensor_data[[#This Row],[Timestamp]])<21), "Evening", "Night"))) -> Morning | D69: =MONTH(sensor_data[[#This Row],[Timestamp]]) -> 11 | E69: =DAY(sensor_data[[#This Row],[Timestamp]]) -> 16 | F69: U293 | H69: 82.4 | I69: 32.3 | J69: TRUE | K69: 4.5 | L69: =IF(sensor_data[[#This Row],[HVAC Setting]]<=2, "Low", IF(sensor_data[[#This Row],[HVAC Setting]]=3, "Normal", "High")) -> High | M69: 27.72 | N69: 27.72 | O69: =(sensor_data[[#This Row],[Energy Consumption]]-AVERAGE(sensor_data[Energy Consumption]))/_xlfn.STDEV.P(sensor_data[Energy Consumption]) -> 0.07347398 | P69: =IF(ABS(sensor_data[[#This Row],[z_zcore]])>3, "Outlier", "Normal") -> Normal | Q69: =AVERAGEIF(sensor_data[Unit ID], sensor_data[[#This Row],[Unit ID]], sensor_data[EC]) -> 16.371579 | R69: =IF(ISBLANK(sensor_data[[#This Row],[EC]]), sensor_data[[#This Row],[average]], sensor_data[[#This Row],[EC]]) -> 27.72 | S69: =IF(sensor_data[[#This Row],[Filled Energy Consumption]]>AVERAGE(sensor_data[Filled Energy Consumption]), "High", "Low") -> High | T69: T342 | U69: TRUE | V69: 8 | W69: 0 | X69: warmer
A70: 45610.565 | B70: =TEXT(sensor_data[[#This Row],[Timestamp]], "MMMM") -> November | C70: =IF(AND(HOUR(sensor_data[[#This Row],[Timestamp]])>=5, HOUR(sensor_data[[#This Row],[Timestamp]])<12), "Morning", IF(AND(HOUR(sensor_data[[#This Row],[Timestamp]])>=12, HOUR(sensor_data[[#This Row],[Timestamp]])<17), "Afternoon", IF(AND(HOUR(sensor_data[[#This Row],[Timestamp]])>=17, HOUR(sensor_data[[#This Row],[Timestamp]])<21), "Evening", "Night"))) -> Afternoon | D70: =MONTH(sensor_data[[#This Row],[Timestamp]]) -> 11 | E70: =DAY(sensor_data[[#This Row],[Timestamp]]) -> 14 | F70: U293 | H70: 80.7 | I70: 49.2 | J70: TRUE | K70: 4 | L70: =IF(sensor_data[[#This Row],[HVAC Setting]]<=2, "Low", IF(sensor_data[[#This Row],[HVAC Setting]]=3, "Normal", "High")) -> High | M70: 23.82 | N70: 23.82 | O70: =(sensor_data[[#This Row],[Energy Consumption]]-AVERAGE(sensor_data[Energy Consumption]))/_xlfn.STDEV.P(sensor_data[Energy Consumption]) -> 0.028123539 | P70: =IF(ABS(sensor_data[[#This Row],[z_zcore]])>3, "Outlier", "Normal") -> Normal | Q70: =AVERAGEIF(sensor_data[Unit ID], sensor_data[[#This Row],[Unit ID]], sensor_data[EC]) -> 16.371579 | R70: =IF(ISBLANK(sensor_data[[#This Row],[EC]]), sensor_data[[#This Row],[average]], sensor_data[[#This Row],[EC]]) -> 23.82 | S70: =IF(sensor_data[[#This Row],[Filled Energy Consumption]]>AVERAGE(sensor_data[Filled Energy Consumption]), "High", "Low") -> High | T70: T082 | U70: TRUE | V70: 19 | W70: 1 | X70: neutral
A71: 45461.177 | B71: =TEXT(sensor_data[[#This Row],[Timestamp]], "MMMM") -> June | C71: =IF(AND(HOUR(sensor_data[[#This Row],[Timestamp]])>=5, HOUR(sensor_data[[#This Row],[Timestamp]])<12), "Morning", IF(AND(HOUR(sensor_data[[#This Row],[Timestamp]])>=12, HOUR(sensor_data[[#This Row],[Timestamp]])<17), "Afternoon", IF(AND(HOUR(sensor_data[[#This Row],[Timestamp]])>=17, HOUR(sensor_data[[#This Row],[Timestamp]])<21), "Evening", "Night"))) -> Night | D71: =MONTH(sensor_data[[#This Row],[Timestamp]]) -> 6 | E71: =DAY(sensor_data[[#This Row],[Timestamp]]) -> 18 | F71: U293 | H71: 90 | I71: 48.9 | J71: FALSE | K71: 1 | L71: =IF(sensor_data[[#This Row],[HVAC Setting]]<=2, "Low", IF(sensor_data[[#This Row],[HVAC Setting]]=3, "Normal", "High")) -> Low | M71: 7 | N71: 7 | O71: =(sensor_data[[#This Row],[Energy Consumption]]-AVERAGE(sensor_data[Energy Consumption]))/_xlfn.STDEV.P(sensor_data[Energy Consumption]) -> -0.16746477 | P71: =IF(ABS(sensor_data[[#This Row],[z_zcore]])>3, "Outlier", "Normal") -> Normal | Q71: =AVERAGEIF(sensor_data[Unit ID], sensor_data[[#This Row],[Unit ID]], sensor_data[EC]) -> 16.371579 | R71: =IF(ISBLANK(sensor_data[[#This Row],[EC]]), sensor_data[[#This Row],[average]], sensor_data[[#This Row],[EC]]) -> 7 | S71: =IF(sensor_data[[#This Row],[Filled Energy Consumption]]>AVERAGE(sensor_data[Filled Energy Consumption]), "High", "Low") -> Low | T71: T378 | U71: FALSE | V71: 17 | W71: 0 | X71: neutral
A72: 45570.532 | B72: =TEXT(sensor_data[[#This Row],[Timestamp]], "MMMM") -> October | C72: =IF(AND(HOUR(sensor_data[[#This Row],[Timestamp]])>=5, HOUR(sensor_data[[#This Row],[Timestamp]])<12), "Morning", IF(AND(HOUR(sensor_data[[#This Row],[Timestamp]])>=12, HOUR(sensor_data[[#This Row],[Timestamp]])<17), "Afternoon", IF(AND(HOUR(sensor_data[[#This Row],[Timestamp]])>=17, HOUR(sensor_data[[#This Row],[Timestamp]])<21), "Evening", "Night"))) -> Afternoon | D72: =MONTH(sensor_data[[#This Row],[Timestamp]]) -> 10 | E72: =DAY(sensor_data[[#This Row],[Timestamp]]) -> 5 | F72: U293 | H72: 78.9 | I72: 38.2 | J72: TRUE | K72: 2.5 | L72: =IF(sensor_data[[#This Row],[HVAC Setting]]<=2, "Low", IF(sensor_data[[#This Row],[HVAC Setting]]=3, "Normal", "High")) -> High | M72: 15.61 | N72: 15.61 | O72: =(sensor_data[[#This Row],[Energy Consumption]]-AVERAGE(sensor_data[Energy Consumption]))/_xlfn.STDEV.P(sensor_data[Energy Consumption]) -> -0.067344952 | P72: =IF(ABS(sensor_data[[#This Row],[z_zcore]])>3, "Outlier", "Normal") -> Normal | Q72: =AVERAGEIF(sensor_data[Unit ID], sensor_data[[#This Row],[Unit ID]], sensor_data[EC]) -> 16.371579 | R72: =IF(ISBLANK(sensor_data[[#This Row],[EC]]), sensor_data[[#This Row],[average]], sensor_data[[#This Row],[EC]]) -> 15.61 | S72: =IF(sensor_data[[#This Row],[Filled Energy Consumption]]>AVERAGE(sensor_data[Filled Energy Consumption]), "High", "Low") -> Low | T72: T216 | U72: TRUE | V72: 6 | W72: 1 | X72: neutral
A73: 45614.178 | B73: =TEXT(sensor_data[[#This Row],[Timestamp]], "MMMM") -> November | C73: =IF(AND(HOUR(sensor_data[[#This Row],[Timestamp]])>=5, HOUR(sensor_data[[#This Row],[Timestamp]])<12), "Morning", IF(AND(HOUR(sensor_data[[#This Row],[Timestamp]])>=12, HOUR(sensor_data[[#This Row],[Timestamp]])<17), "Afternoon", IF(AND(HOUR(sensor_data[[#This Row],[Timestamp]])>=17, HOUR(sensor_data[[#This Row],[Timestamp]])<21), "Evening", "Night"))) -> Night | D73: =MONTH(sensor_data[[#This Row],[Timestamp]]) -> 11 | E73: =DAY(sensor_data[[#This Row],[Timestamp]]) -> 18 | F73: U293 | H73: 66.4 | I73: 40.6 | J73: FALSE | K73: 1 | L73: =IF(sensor_data[[#This Row],[HVAC Setting]]<=2, "Low", IF(sensor_data[[#This Row],[HVAC Setting]]=3, "Normal", "High")) -> Low | M73: 5 | N73: 5 | O73: =(sensor_data[[#This Row],[Energy Consumption]]-AVERAGE(sensor_data[Energy Consumption]))/_xlfn.STDEV.P(sensor_data[Energy Consumption]) -> -0.19072141 | P73: =IF(ABS(sensor_data[[#This Row],[z_zcore]])>3, "Outlier", "Normal") -> Normal | Q73: =AVERAGEIF(sensor_data[Unit ID], sensor_data[[#This Row],[Unit ID]], sensor_data[EC]) -> 16.371579 | R73: =IF(ISBLANK(sensor_data[[#This Row],[EC]]), sensor_data[[#This Row],[average]], sensor_data[[#This Row],[EC]]) -> 5 | S73: =IF(sensor_data[[#This Row],[Filled Energy Consumption]]>AVERAGE(sensor_data[Filled Energy Consumption]), "High", "Low") -> Low | T73: T069 | U73: FALSE | V73: 3 | W73: 0 | X73: cooler
A74: 45623.187 | B74: =TEXT(sensor_data[[#This Row],[Timestamp]], "MMMM") -> November | C74: =IF(AND(HOUR(sensor_data[[#This Row],[Timestamp]])>=5, HOUR(sensor_data[[#This Row],[Timestamp]])<12), "Morning", IF(AND(HOUR(sensor_data[[#This Row],[Timestamp]])>=12, HOUR(sensor_data[[#This Row],[Timestamp]])<17), "Afternoon", IF(AND(HOUR(sensor_data[[#This Row],[Timestamp]])>=17, HOUR(sensor_data[[#This Row],[Timestamp]])<21), "Evening", "Night"))) -> Night | D74: =MONTH(sensor_data[[#This Row],[Timestamp]]) -> 11 | E74: =DAY(sensor_data[[#This Row],[Timestamp]]) -> 27 | F74: U293 | H74: 60.8 | I74: 52.8 | J74: FALSE | K74: 2 | L74: =IF(sensor_data[[#This Row],[HVAC Setting]]<=2, "Low", IF(sensor_data[[#This Row],[HVAC Setting]]=3, "Normal", "High")) -> Low | M74: 10 | N74: 10 | O74: =(sensor_data[[#This Row],[Energy Consumption]]-AVERAGE(sensor_data[Energy Consumption]))/_xlfn.STDEV.P(sensor_data[Energy Consumption]) -> -0.13257982 | P74: =IF(ABS(sensor_data[[#This Row],[z_zcore]])>3, "Outlier", "Normal") -> Normal | Q74: =AVERAGEIF(sensor_data[Unit ID], sensor_data[[#This Row],[Unit ID]], sensor_data[EC]) -> 16.371579 | R74: =IF(ISBLANK(sensor_data[[#This Row],[EC]]), sensor_data[[#This Row],[average]], sensor_data[[#This Row],[EC]]) -> 10 | S74: =IF(sensor_data[[#This Row],[Filled Energy Consumption]]>AVERAGE(sensor_data[Filled Energy Consumption]), "High", "Low") -> Low | T74: T116 | U74: FALSE | V74: 23 | W74: 0 | X74: cooler
... A97: 45639.267 | B97: =TEXT(sensor_data[[#This Row],[Timestamp]], "MMMM") -> December | C97: =IF(AND(HOUR(sensor_data[[#This Row],[Timestamp]])>=5, HOUR(sensor_data[[#This Row],[Timestamp]])<12), "Morning", IF(AND(HOUR(sensor_data[[#This Row],[Timestamp]])>=12, HOUR(sensor_data[[#This Row],[Timestamp]])<17), "Afternoon", IF(AND(HOUR(sensor_data[[#This Row],[Timestamp]])>=17, HOUR(sensor_data[[#This Row],[Timestamp]])<21), "Evening", "Night"))) -> Morning | D97: =MONTH(sensor_data[[#This Row],[Timestamp]]) -> 12 | E97: =DAY(sensor_data[[#This Row],[Timestamp]]) -> 13 | F97: U156 | H97: 36.9 | I97: 38.4 | J97: FALSE | K97: 3 | L97: =IF(sensor_data[[#This Row],[HVAC Setting]]<=2, "Low", IF(sensor_data[[#This Row],[HVAC Setting]]=3, "Normal", "High")) -> Normal | M97: 17 | N97: 17 | O97: =(sensor_data[[#This Row],[Energy Consumption]]-AVERAGE(sensor_data[Energy Consumption]))/_xlfn.STDEV.P(sensor_data[Energy Consumption]) -> -0.05118159 | P97: =IF(ABS(sensor_data[[#This Row],[z_zcore]])>3, "Outlier", "Normal") -> Normal | Q97: =AVERAGEIF(sensor_data[Unit ID], sensor_data[[#This Row],[Unit ID]], sensor_data[EC]) -> 17.989474 | R97: =IF(ISBLANK(sensor_data[[#This Row],[EC]]), sensor_data[[#This Row],[average]], sensor_data[[#This Row],[EC]]) -> 17 | S97: =IF(sensor_data[[#This Row],[Filled Energy Consumption]]>AVERAGE(sensor_data[Filled Energy Consumption]), "High", "Low") -> Low | T97: T408 | U97: FALSE | V97: 2 | W97: 0 | X97: cooler
A98: 45640.581 | B98: =TEXT(sensor_data[[#This Row],[Timestamp]], "MMMM") -> December | C98: =IF(AND(HOUR(sensor_data[[#This Row],[Timestamp]])>=5, HOUR(sensor_data[[#This Row],[Timestamp]])<12), "Morning", IF(AND(HOUR(sensor_data[[#This Row],[Timestamp]])>=12, HOUR(sensor_data[[#This Row],[Timestamp]])<17), "Afternoon", IF(AND(HOUR(sensor_data[[#This Row],[Timestamp]])>=17, HOUR(sensor_data[[#This Row],[Timestamp]])<21), "Evening", "Night"))) -> Afternoon | D98: =MONTH(sensor_data[[#This Row],[Timestamp]]) -> 12 | E98: =DAY(sensor_data[[#This Row],[Timestamp]]) -> 14 | F98: U156 | H98: 56 | I98: 25.2 | J98: TRUE | K98: 4.5 | L98: =IF(sensor_data[[#This Row],[HVAC Setting]]<=2, "Low", IF(sensor_data[[#This Row],[HVAC Setting]]=3, "Normal", "High")) -> High | O98: =(sensor_data[[#This Row],[Energy Consumption]]-AVERAGE(sensor_data[Energy Consumption]))/_xlfn.STDEV.P(sensor_data[Energy Consumption]) -> -0.248863 | P98: =IF(ABS(sensor_data[[#This Row],[z_zcore]])>3, "Outlier", "Normal") -> Normal | Q98: =AVERAGEIF(sensor_data[Unit ID], sensor_data[[#This Row],[Unit ID]], sensor_data[EC]) -> 17.989474 | R98: =IF(ISBLANK(sensor_data[[#This Row],[EC]]), sensor_data[[#This Row],[average]], sensor_data[[#This Row],[EC]]) -> 17.989474 | S98: =IF(sensor_data[[#This Row],[Filled Energy Consumption]]>AVERAGE(sensor_data[Filled Energy Consumption]), "High", "Low") -> Low | T98: T225 | U98: TRUE | V98: 13 | W98: 1 | X98: cooler
A99: 45303.812 | B99: =TEXT(sensor_data[[#This Row],[Timestamp]], "MMMM") -> January | C99: =IF(AND(HOUR(sensor_data[[#This Row],[Timestamp]])>=5, HOUR(sensor_data[[#This Row],[Timestamp]])<12), "Morning", IF(AND(HOUR(sensor_data[[#This Row],[Timestamp]])>=12, HOUR(sensor_data[[#This Row],[Timestamp]])<17), "Afternoon", IF(AND(HOUR(sensor_data[[#This Row],[Timestamp]])>=17, HOUR(sensor_data[[#This Row],[Timestamp]])<21), "Evening", "Night"))) -> Evening | D99: =MONTH(sensor_data[[#This Row],[Timestamp]]) -> 1 | E99: =DAY(sensor_data[[#This Row],[Timestamp]]) -> 12 | F99: U156 | H99: 56.4 | I99: 29.4 | J99: FALSE | K99: 5 | L99: =IF(sensor_data[[#This Row],[HVAC Setting]]<=2, "Low", IF(sensor_data[[#This Row],[HVAC Setting]]=3, "Normal", "High")) -> High | M99: 27.5 | N99: 27.5 | O99: =(sensor_data[[#This Row],[Energy Consumption]]-AVERAGE(sensor_data[Energy Consumption]))/_xlfn.STDEV.P(sensor_data[Energy Consumption]) -> 0.07091575 | P99: =IF(ABS(sensor_data[[#This Row],[z_zcore]])>3, "Outlier", "Normal") -> Normal | Q99: =AVERAGEIF(sensor_data[Unit ID], sensor_data[[#This Row],[Unit ID]], sensor_data[EC]) -> 17.989474 | R99: =IF(ISBLANK(sensor_data[[#This Row],[EC]]), sensor_data[[#This Row],[average]], sensor_data[[#This Row],[EC]]) -> 27.5 | S99: =IF(sensor_data[[#This Row],[Filled Energy Consumption]]>AVERAGE(sensor_data[Filled Energy Consumption]), "High", "Low") -> High | T99: T316 | U99: FALSE | V99: 4 | W99: 0 | X99: neutral
A100: 45313.835 | B100: =TEXT(sensor_data[[#This Row],[Timestamp]], "MMMM") -> January | C100: =IF(AND(HOUR(sensor_data[[#This Row],[Timestamp]])>=5, HOUR(sensor_data[[#This Row],[Timestamp]])<12), "Morning", IF(AND(HOUR(sensor_data[[#This Row],[Timestamp]])>=12, HOUR(sensor_data[[#This Row],[Timestamp]])<17), "Afternoon", IF(AND(HOUR(sensor_data[[#This Row],[Timestamp]])>=17, HOUR(sensor_data[[#This Row],[Timestamp]])<21), "Evening", "Night"))) -> Evening | D100: =MONTH(sensor_data[[#This Row],[Timestamp]]) -> 1 | E100: =DAY(sensor_data[[#This Row],[Timestamp]]) -> 22 | F100: U156 | H100: 42.4 | I100: 31.3 | J100: TRUE | K100: 4 | L100: =IF(sensor_data[[#This Row],[HVAC Setting]]<=2, "Low", IF(sensor_data[[#This Row],[HVAC Setting]]=3, "Normal", "High")) -> High | M100: 28.28 | N100: 28.28 | O100: =(sensor_data[[#This Row],[Energy Consumption]]-AVERAGE(sensor_data[Energy Consumption]))/_xlfn.STDEV.P(sensor_data[Energy Consumption]) -> 0.079985838 | P100: =IF(ABS(sensor_data[[#This Row],[z_zcore]])>3, "Outlier", "Normal") -> Normal | Q100: =AVERAGEIF(sensor_data[Unit ID], sensor_data[[#This Row],[Unit ID]], sensor_data[EC]) -> 17.989474 | R100: =IF(ISBLANK(sensor_data[[#This Row],[EC]]), sensor_data[[#This Row],[average]], sensor_data[[#This Row],[EC]]) -> 28.28 | S100: =IF(sensor_data[[#This Row],[Filled Energy Consumption]]>AVERAGE(sensor_data[Filled Energy Consumption]), "High", "Low") -> High | T100: T202 | U100: TRUE | V100: 6 | W100: 1 | X100: cooler
A101: 45595.127 | B101: =TEXT(sensor_data[[#This Row],[Timestamp]], "MMMM") -> October | C101: =IF(AND(HOUR(sensor_data[[#This Row],[Timestamp]])>=5, HOUR(sensor_data[[#This Row],[Timestamp]])<12), "Morning", IF(AND(HOUR(sensor_data[[#This Row],[Timestamp]])>=12, HOUR(sensor_data[[#This Row],[Timestamp]])<17), "Afternoon", IF(AND(HOUR(sensor_data[[#This Row],[Timestamp]])>=17, HOUR(sensor_data[[#This Row],[Timestamp]])<21), "Evening", "Night"))) -> Night | D101: =MONTH(sensor_data[[#This Row],[Timestamp]]) -> 10 | E101: =DAY(sensor_data[[#This Row],[Timestamp]]) -> 30 | F101: U156 | H101: 67.6 | I101: 42.4 | J101: FALSE | K101: 2 | L101: =IF(sensor_data[[#This Row],[HVAC Setting]]<=2, "Low", IF(sensor_data[[#This Row],[HVAC Setting]]=3, "Normal", "High")) -> Low | M101: 10 | N101: 10 | O101: =(sensor_data[[#This Row],[Energy Consumption]]-AVERAGE(sensor_data[Energy Consumption]))/_xlfn.STDEV.P(sensor_data[Energy Consumption]) -> -0.13257982 | P101: =IF(ABS(sensor_data[[#This Row],[z_zcore]])>3, "Outlier", "Normal") -> Normal | Q101: =AVERAGEIF(sensor_data[Unit ID], sensor_data[[#This Row],[Unit ID]], sensor_data[EC]) -> 17.989474 | R101: =IF(ISBLANK(sensor_data[[#This Row],[EC]]), sensor_data[[#This Row],[average]], sensor_data[[#This Row],[EC]]) -> 10 | S101: =IF(sensor_data[[#This Row],[Filled Energy Consumption]]>AVERAGE(sensor_data[Filled Energy Consumption]), "High", "Low") -> Low | T101: T324 | U101: FALSE | V101: 16 | W101: 0 | X101: cooler
A102: 45559.363 | B102: =TEXT(sensor_data[[#This Row],[Timestamp]], "MMMM") -> September | C102: =IF(AND(HOUR(sensor_data[[#This Row],[Timestamp]])>=5, HOUR(sensor_data[[#This Row],[Timestamp]])<12), "Morning", IF(AND(HOUR(sensor_data[[#This Row],[Timestamp]])>=12, HOUR(sensor_data[[#This Row],[Timestamp]])<17), "Afternoon", IF(AND(HOUR(sensor_data[[#This Row],[Timestamp]])>=17, HOUR(sensor_data[[#This Row],[Timestamp]])<21), "Evening", "Night"))) -> Morning | D102: =MONTH(sensor_data[[#This Row],[Timestamp]]) -> 9 | E102: =DAY(sensor_data[[#This Row],[Timestamp]]) -> 24 | F102: U337 | H102: 60.8 | I102: 41.6 | J102: FALSE | K102: 2 | L102: =IF(sensor_data[[#This Row],[HVAC Setting]]<=2, "Low", IF(sensor_data[[#This Row],[HVAC Setting]]=3, "Normal", "High")) -> Low | M102: 10 | N102: 10 | O102: =(sensor_data[[#This Row],[Energy Consumption]]-AVERAGE(sensor_data[Energy Consumption]))/_xlfn.STDEV.P(sensor_data[Energy Consumption]) -> -0.13257982 | P102: =IF(ABS(sensor_data[[#This Row],[z_zcore]])>3, "Outlier", "Normal") -> Normal | Q102: =AVERAGEIF(sensor_data[Unit ID], sensor_data[[#This Row],[Unit ID]], sensor_data[EC]) -> 18.635946 | R102: =IF(ISBLANK(sensor_data[[#This Row],[EC]]), sensor_data[[#This Row],[average]], sensor_data[[#This Row],[EC]]) -> 10 | S102: =IF(sensor_data[[#This Row],[Filled Energy Consumption]]>AVERAGE(sensor_data[Filled Energy Consumption]), "High", "Low") -> Low | T102: T413 | U102: FALSE | V102: 24 | W102: 0 | X102: warmer
A103: 45382.627 | B103: =TEXT(sensor_data[[#This Row],[Timestamp]], "MMMM") -> March | C103: =IF(AND(HOUR(sensor_data[[#This Row],[Timestamp]])>=5, HOUR(sensor_data[[#This Row],[Timestamp]])<12), "Morning", IF(AND(HOUR(sensor_data[[#This Row],[Timestamp]])>=12, HOUR(sensor_data[[#This Row],[Timestamp]])<17), "Afternoon", IF(AND(HOUR(sensor_data[[#This Row],[Timestamp]])>=17, HOUR(sensor_data[[#This Row],[Timestamp]])<21), "Evening", "Night"))) -> Afternoon | D103: =MONTH(sensor_data[[#This Row],[Timestamp]]) -> 3 | E103: =DAY(sensor_data[[#This Row],[Timestamp]]) -> 31 | F103: U337 | H103: 65.3 | I103: 34.6 | J103: TRUE | K103: 2.5 | L103: =IF(sensor_data[[#This Row],[HVAC Setting]]<=2, "Low", IF(sensor_data[[#This Row],[HVAC Setting]]=3, "Normal", "High")) -> High | M103: 16.47 | N103: 16.47 | O103: =(sensor_data[[#This Row],[Energy Consumption]]-AVERAGE(sensor_data[Energy Consumption]))/_xlfn.STDEV.P(sensor_data[Energy Consumption]) -> -0.057344598 | P103: =IF(ABS(sensor_data[[#This Row],[z_zcore]])>3, "Outlier", "Normal") -> Normal | Q103: =AVERAGEIF(sensor_data[Unit ID], sensor_data[[#This Row],[Unit ID]], sensor_data[EC]) -> 18.635946 | R103: =IF(ISBLANK(sensor_data[[#This Row],[EC]]), sensor_data[[#This Row],[average]], sensor_data[[#This Row],[EC]]) -> 16.47 | S103: =IF(sensor_data[[#This Row],[Filled Energy Consumption]]>AVERAGE(sensor_data[Filled Energy Consumption]), "High", "Low") -> Low | T103: T279 | U103: TRUE | V103: 1 | W103: 1 | X103: neutral
A104: 45563.042 | B104: =TEXT(sensor_data[[#This Row],[Timestamp]], "MMMM") -> September | C104: =IF(AND(HOUR(sensor_data[[#This Row],[Timestamp]])>=5, HOUR(sensor_data[[#This Row],[Timestamp]])<12), "Morning", IF(AND(HOUR(sensor_data[[#This Row],[Timestamp]])>=12, HOUR(sensor_data[[#This Row],[Timestamp]])<17), "Afternoon", IF(AND(HOUR(sensor_data[[#This Row],[Timestamp]])>=17, HOUR(sensor_data[[#This Row],[Timestamp]])<21), "Evening", "Night"))) -> Night | D104: =MONTH(sensor_data[[#This Row],[Timestamp]]) -> 9 | E104: =DAY(sensor_data[[#This Row],[Timestamp]]) -> 28 | F104: U337 | H104: 79.1 | I104: 57.7 | J104: TRUE | K104: 2.5 | L104: =IF(sensor_data[[#This Row],[HVAC Setting]]<=2, "Low", IF(sensor_data[[#This Row],[HVAC Setting]]=3, "Normal", "High")) -> High | M104: 15.92 | N104: 15.92 | O104: =(sensor_data[[#This Row],[Energy Consumption]]-AVERAGE(sensor_data[Energy Consumption]))/_xlfn.STDEV.P(sensor_data[Energy Consumption]) -> -0.063740173 | P104: =IF(ABS(sensor_data[[#This Row],[z_zcore]])>3, "Outlier", "Normal") -> Normal | Q104: =AVERAGEIF(sensor_data[Unit ID], sensor_data[[#This Row],[Unit ID]], sensor_data[EC]) -> 18.635946 | R104: =IF(ISBLANK(sensor_data[[#This Row],[EC]]), sensor_data[[#This Row],[average]], sensor_data[[#This Row],[EC]]) -> 15.92 | S104: =IF(sensor_data[[#This Row],[Filled Energy Consumption]]>AVERAGE(sensor_data[Filled Energy Consumption]), "High", "Low") -> Low | T104: T252 | U104: TRUE | V104: 16 | W104: 1 | X104: neutral
A105: 45417.992 | B105: =TEXT(sensor_data[[#This Row],[Timestamp]], "MMMM") -> May | C105: =IF(AND(HOUR(sensor_data[[#This Row],[Timestamp]])>=5, HOUR(sensor_data[[#This Row],[Timestamp]])<12), "Morning", IF(AND(HOUR(sensor_data[[#This Row],[Timestamp]])>=12, HOUR(sensor_data[[#This Row],[Timestamp]])<17), "Afternoon", IF(AND(HOUR(sensor_data[[#This Row],[Timestamp]])>=17, HOUR(sensor_data[[#This Row],[Timestamp]])<21), "Evening", "Night"))) -> Night | D105: =MONTH(sensor_data[[#This Row],[Timestamp]]) -> 5 | E105: =DAY(sensor_data[[#This Row],[Timestamp]]) -> 5 | F105: U337 | H105: 61 | I105: 44 | J105: FALSE | K105: 1.5 | L105: =IF(sensor_data[[#This Row],[HVAC Setting]]<=2, "Low", IF(sensor_data[[#This Row],[HVAC Setting]]=3, "Normal", "High")) -> Low | M105: 8.93 | N105: 8.93 | O105: =(sensor_data[[#This Row],[Energy Consumption]]-AVERAGE(sensor_data[Energy Consumption]))/_xlfn.STDEV.P(sensor_data[Energy Consumption]) -> -0.14502212 | P105: =IF(ABS(sensor_data[[#This Row],[z_zcore]])>3, "Outlier", "Normal") -> Normal | Q105: =AVERAGEIF(sensor_data[Unit ID], sensor_data[[#This Row],[Unit ID]], sensor_data[EC]) -> 18.635946 | R105: =IF(ISBLANK(sensor_data[[#This Row],[EC]]), sensor_data[[#This Row],[average]], sensor_data[[#This Row],[EC]]) -> 8.93 | S105: =IF(sensor_data[[#This Row],[Filled Energy Consumption]]>AVERAGE(sensor_data[Filled Energy Consumption]), "High", "Low") -> Low | T105: T334 | U105: FALSE | V105: 22 | W105: 0 | X105: cooler
A106: 45435.925 | B106: =TEXT(sensor_data[[#This Row],[Timestamp]], "MMMM") -> May | C106: =IF(AND(HOUR(sensor_data[[#This Row],[Timestamp]])>=5, HOUR(sensor_data[[#This Row],[Timestamp]])<12), "Morning", IF(AND(HOUR(sensor_data[[#This Row],[Timestamp]])>=12, HOUR(sensor_data[[#This Row],[Timestamp]])<17), "Afternoon", IF(AND(HOUR(sensor_data[[#This Row],[Timestamp]])>=17, HOUR(sensor_data[[#This Row],[Timestamp]])<21), "Evening", "Night"))) -> Night | D106: =MONTH(sensor_data[[#This Row],[Timestamp]]) -> 5 | E106: =DAY(sensor_data[[#This Row],[Timestamp]]) -> 23 | F106: U337 | H106: 65.3 | I106: 58.4 | J106: FALSE | K106: 3 | L106: =IF(sensor_data[[#This Row],[HVAC Setting]]<=2, "Low", IF(sensor_data[[#This Row],[HVAC Setting]]=3, "Normal", "High")) -> Normal | M106: 15 | N106: 15 | O106: =(sensor_data[[#This Row],[Energy Consumption]]-AVERAGE(sensor_data[Energy Consumption]))/_xlfn.STDEV.P(sensor_data[Energy Consumption]) -> -0.074438226 | P106: =IF(ABS(sensor_data[[#This Row],[z_zcore]])>3, "Outlier", "Normal") -> Normal | Q106: =AVERAGEIF(sensor_data[Unit ID], sensor_data[[#This Row],[Unit ID]], sensor_data[EC]) -> 18.635946 | R106: =IF(ISBLANK(sensor_data[[#This Row],[EC]]), sensor_data[[#This Row],[average]], sensor_data[[#This Row],[EC]]) -> 15 | S106: =IF(sensor_data[[#This Row],[Filled Energy Consumption]]>AVERAGE(sensor_data[Filled Energy Consumption]), "High", "Low") -> Low | T106: T434 | U106: FALSE | V106: 16 | W106: 1 | X106: cooler
A107: 45427.229 | B107: =TEXT(sensor_data[[#This Row],[Timestamp]], "MMMM") -> May | C107: =IF(AND(HOUR(sensor_data[[#This Row],[Timestamp]])>=5, HOUR(sensor_data[[#This Row],[Timestamp]])<12), "Morning", IF(AND(HOUR(sensor_data[[#This Row],[Timestamp]])>=12, HOUR(sensor_data[[#This Row],[Timestamp]])<17), "Afternoon", IF(AND(HOUR(sensor_data[[#This Row],[Timestamp]])>=17, HOUR(sensor_data[[#This Row],[Timestamp]])<21), "Evening", "Night"))) -> Morning | D107: =MONTH(sensor_data[[#This Row],[Timestamp]]) -> 5 | E107: =DAY(sensor_data[[#This Row],[Timestamp]]) -> 15 | F107: U337 | H107: 71.9 | I107: 45.6 | J107: FALSE | K107: 0 | L107: =IF(sensor_data[[#This Row],[HVAC Setting]]<=2, "Low", IF(sensor_data[[#This Row],[HVAC Setting]]=3, "Normal", "High")) -> Low | M107: 0 | N107: 0 | O107: =(sensor_data[[#This Row],[Energy Consumption]]-AVERAGE(sensor_data[Energy Consumption]))/_xlfn.STDEV.P(sensor_data[Energy Consumption]) -> -0.248863 | P107: =IF(ABS(sensor_data[[#This Row],[z_zcore]])>3, "Outlier", "Normal") -> Normal | Q107: =AVERAGEIF(sensor_data[Unit ID], sensor_data[[#This Row],[Unit ID]], sensor_data[EC]) -> 18.635946 | R107: =IF(ISBLANK(sensor_data[[#This Row],[EC]]), sensor_data[[#This Row],[average]], sensor_data[[#This Row],[EC]]) -> 0 | S107: =IF(sensor_data[[#This Row],[Filled Energy Consumption]]>AVERAGE(sensor_data[Filled Energy Consumption]), "High", "Low") -> Low | T107: T024 | U107: FALSE | V107: 7 | W107: 1 | X107: neutral
A108: 45634.213 | B108: =TEXT(sensor_data[[#This Row],[Timestamp]], "MMMM") -> December | C108: =IF(AND(HOUR(sensor_data[[#This Row],[Timestamp]])>=5, HOUR(sensor_data[[#This Row],[Timestamp]])<12), "Morning", IF(AND(HOUR(sensor_data[[#This Row],[Timestamp]])>=12, HOUR(sensor_data[[#This Row],[Timestamp]])<17), "Afternoon", IF(AND(HOUR(sensor_data[[#This Row],[Timestamp]])>=17, HOUR(sensor_data[[#This Row],[Timestamp]])<21), "Evening", "Night"))) -> Morning | D108: =MONTH(sensor_data[[#This Row],[Timestamp]]) -> 12 | E108: =DAY(sensor_data[[#This Row],[Timestamp]]) -> 8 | F108: U337 | H108: 48.9 | I108: 26.3 | J108: TRUE | K108: 4.5 | L108: =IF(sensor_data[[#This Row],[HVAC Setting]]<=2, "Low", IF(sensor_data[[#This Row],[HVAC Setting]]=3, "Normal", "High")) -> High | M108: 28.28 | N108: 28.28 | O108: =(sensor_data[[#This Row],[Energy Consumption]]-AVERAGE(sensor_data[Energy Consumption]))/_xlfn.STDEV.P(sensor_data[Energy Consumption]) -> 0.079985838 | P108: =IF(ABS(sensor_data[[#This Row],[z_zcore]])>3, "Outlier", "Normal") -> Normal | Q108: =AVERAGEIF(sensor_data[Unit ID], sensor_data[[#This Row],[Unit ID]], sensor_data[EC]) -> 18.635946 | R108: =IF(ISBLANK(sensor_data[[#This Row],[EC]]), sensor_data[[#This Row],[average]], sensor_data[[#This Row],[EC]]) -> 28.28 | S108: =IF(sensor_data[[#This Row],[Filled Energy Consumption]]>AVERAGE(sensor_data[Filled Energy Consumption]), "High", "Low") -> High | T108: T303 | U108: TRUE | V108: 11 | W108: 1 | X108: warmer
A109: 45498.723 | B109: =TEXT(sensor_data[[#This Row],[Timestamp]], "MMMM") -> July | C109: =IF(AND(HOUR(sensor_data[[#This Row],[Timestamp]])>=5, HOUR(sensor_data[[#This Row],[Timestamp]])<12), "Morning", IF(AND(HOUR(sensor_data[[#This Row],[Timestamp]])>=12, HOUR(sensor_data[[#This Row],[Timestamp]])<17), "Afternoon", IF(AND(HOUR(sensor_data[[#This Row],[Timestamp]])>=17, HOUR(sensor_data[[#This Row],[Timestamp]])<21), "Evening", "Night"))) -> Evening | D109: =MONTH(sensor_data[[#This Row],[Timestamp]]) -> 7 | E109: =DAY(sensor_data[[#This Row],[Timestamp]]) -> 25 | F109: U337 | H109: 99.8 | I109: 60 | J109: TRUE | K109: 4 | L109: =IF(sensor_data[[#This Row],[HVAC Setting]]<=2, "Low", IF(sensor_data[[#This Row],[HVAC Setting]]=3, "Normal", "High")) -> High | M109: 25.61 | N109: 25.61 | O109: =(sensor_data[[#This Row],[Energy Consumption]]-AVERAGE(sensor_data[Energy Consumption]))/_xlfn.STDEV.P(sensor_data[Energy Consumption]) -> 0.048938229 | P109: =IF(ABS(sensor_data[[#This Row],[z_zcore]])>3, "Outlier", "Normal") -> Normal | Q109: =AVERAGEIF(sensor_data[Unit ID], sensor_data[[#This Row],[Unit ID]], sensor_data[EC]) -> 18.635946 | R109: =IF(ISBLANK(sensor_data[[#This Row],[EC]]), sensor_data[[#This Row],[average]], sensor_data[[#This Row],[EC]]) -> 25.61 | S109: =IF(sensor_data[[#This Row],[Filled Energy Consumption]]>AVERAGE(sensor_data[Filled Energy Consumption]), "High", "Low") -> High | T109: T273 | U109: TRUE | V109: 12 | W109: 1 | X109: warmer
A110: 45613.374 | B110: =TEXT(sensor_data[[#This Row],[Timestamp]], "MMMM") -> November | C110: =IF(AND(HOUR(sensor_data[[#This Row],[Timestamp]])>=5, HOUR(sensor_data[[#This Row],[Timestamp]])<12), "Morning", IF(AND(HOUR(sensor_data[[#This Row],[Timestamp]])>=12, HOUR(sensor_data[[#This Row],[Timestamp]])<17), "Afternoon", IF(AND(HOUR(sensor_data[[#This Row],[Timestamp]])>=17, HOUR(sensor_data[[#This Row],[Timestamp]])<21), "Evening", "Night"))) -> Morning | D110: =MONTH(sensor_data[[#This Row],[Timestamp]]) -> 11 | E110: =DAY(sensor_data[[#This Row],[Timestamp]]) -> 17 | F110: U337 | H110: 73.3 | I110: 45.1 | J110: TRUE | K110: 2.5 | L110: =IF(sensor_data[[#This Row],[HVAC Setting]]<=2, "Low", IF(sensor_data[[#This Row],[HVAC Setting]]=3, "Normal", "High")) -> High | M110: 14.43 | N110: 14.43 | O110: =(sensor_data[[#This Row],[Energy Consumption]]-AVERAGE(sensor_data[Energy Consumption]))/_xlfn.STDEV.P(sensor_data[Energy Consumption]) -> -0.081066367 | P110: =IF(ABS(sensor_data[[#This Row],[z_zcore]])>3, "Outlier", "Normal") -> Normal | Q110: =AVERAGEIF(sensor_data[Unit ID], sensor_data[[#This Row],[Unit ID]], sensor_data[EC]) -> 18.635946 | R110: =IF(ISBLANK(sensor_data[[#This Row],[EC]]), sensor_data[[#This Row],[average]], sensor_data[[#This Row],[EC]]) -> 14.43 | S110: =IF(sensor_data[[#This Row],[Filled Energy Consumption]]>AVERAGE(sensor_data[Filled Energy Consumption]), "High", "Low") -> Low | T110: T396 | U110: TRUE | V110: 3 | W110: 1 | X110: neutral
... A113: 45561.045 | B113: =TEXT(sensor_data[[#This Row],[Timestamp]], "MMMM") -> September | C113: =IF(AND(HOUR(sensor_data[[#This Row],[Timestamp]])>=5, HOUR(sensor_data[[#This Row],[Timestamp]])<12), "Morning", IF(AND(HOUR(sensor_data[[#This Row],[Timestamp]])>=12, HOUR(sensor_data[[#This Row],[Timestamp]])<17), "Afternoon", IF(AND(HOUR(sensor_data[[#This Row],[Timestamp]])>=17, HOUR(sensor_data[[#This Row],[Timestamp]])<21), "Evening", "Night"))) -> Night | D113: =MONTH(sensor_data[[#This Row],[Timestamp]]) -> 9 | E113: =DAY(sensor_data[[#This Row],[Timestamp]]) -> 26 | F113: U337 | H113: 73.2 | I113: 51.4 | J113: TRUE | K113: 3 | L113: =IF(sensor_data[[#This Row],[HVAC Setting]]<=2, "Low", IF(sensor_data[[#This Row],[HVAC Setting]]=3, "Normal", "High")) -> Normal | M113: 18.24 | N113: 18.24 | O113: =(sensor_data[[#This Row],[Energy Consumption]]-AVERAGE(sensor_data[Energy Consumption]))/_xlfn.STDEV.P(sensor_data[Energy Consumption]) -> -0.036762475 | P113: =IF(ABS(sensor_data[[#This Row],[z_zcore]])>3, "Outlier", "Normal") -> Normal | Q113: =AVERAGEIF(sensor_data[Unit ID], sensor_data[[#This Row],[Unit ID]], sensor_data[EC]) -> 18.635946 | R113: =IF(ISBLANK(sensor_data[[#This Row],[EC]]), sensor_data[[#This Row],[average]], sensor_data[[#This Row],[EC]]) -> 18.24 | S113: =IF(sensor_data[[#This Row],[Filled Energy Consumption]]>AVERAGE(sensor_data[Filled Energy Consumption]), "High", "Low") -> High | T113: T152 | U113: TRUE | V113: 1 | W113: 1 | X113: neutral
A114: 45620.152 | B114: =TEXT(sensor_data[[#This Row],[Timestamp]], "MMMM") -> November | C114: =IF(AND(HOUR(sensor_data[[#This Row],[Timestamp]])>=5, HOUR(sensor_data[[#This Row],[Timestamp]])<12), "Morning", IF(AND(HOUR(sensor_data[[#This Row],[Timestamp]])>=12, HOUR(sensor_data[[#This Row],[Timestamp]])<17), "Afternoon", IF(AND(HOUR(sensor_data[[#This Row],[Timestamp]])>=17, HOUR(sensor_data[[#This Row],[Timestamp]])<21), "Evening", "Night"))) -> Night | D114: =MONTH(sensor_data[[#This Row],[Timestamp]]) -> 11 | E114: =DAY(sensor_data[[#This Row],[Timestamp]]) -> 24 | F114: U337 | H114: 58.9 | I114: 53.1 | J114: TRUE | K114: 1.5 | L114: =IF(sensor_data[[#This Row],[HVAC Setting]]<=2, "Low", IF(sensor_data[[#This Row],[HVAC Setting]]=3, "Normal", "High")) -> Low | O114: =(sensor_data[[#This Row],[Energy Consumption]]-AVERAGE(sensor_data[Energy Consumption]))/_xlfn.STDEV.P(sensor_data[Energy Consumption]) -> -0.248863 | P114: =IF(ABS(sensor_data[[#This Row],[z_zcore]])>3, "Outlier", "Normal") -> Normal | Q114: =AVERAGEIF(sensor_data[Unit ID], sensor_data[[#This Row],[Unit ID]], sensor_data[EC]) -> 18.635946 | R114: =IF(ISBLANK(sensor_data[[#This Row],[EC]]), sensor_data[[#This Row],[average]], sensor_data[[#This Row],[EC]]) -> 18.635946 | S114: =IF(sensor_data[[#This Row],[Filled Energy Consumption]]>AVERAGE(sensor_data[Filled Energy Consumption]), "High", "Low") -> High | T114: T334 | U114: TRUE | V114: 21 | W114: 1 | X114: cooler
A115: 45589.48 | B115: =TEXT(sensor_data[[#This Row],[Timestamp]], "MMMM") -> October | C115: =IF(AND(HOUR(sensor_data[[#This Row],[Timestamp]])>=5, HOUR(sensor_data[[#This Row],[Timestamp]])<12), "Morning", IF(AND(HOUR(sensor_data[[#This Row],[Timestamp]])>=12, HOUR(sensor_data[[#This Row],[Timestamp]])<17), "Afternoon", IF(AND(HOUR(sensor_data[[#This Row],[Timestamp]])>=17, HOUR(sensor_data[[#This Row],[Timestamp]])<21), "Evening", "Night"))) -> Morning | D115: =MONTH(sensor_data[[#This Row],[Timestamp]]) -> 10 | E115: =DAY(sensor_data[[#This Row],[Timestamp]]) -> 24 | F115: U337 | H115: 75.3 | I115: 31.4 | J115: FALSE | K115: 3 | L115: =IF(sensor_data[[#This Row],[HVAC Setting]]<=2, "Low", IF(sensor_data[[#This Row],[HVAC Setting]]=3, "Normal", "High")) -> Normal | M115: 16 | N115: 16 | O115: =(sensor_data[[#This Row],[Energy Consumption]]-AVERAGE(sensor_data[Energy Consumption]))/_xlfn.STDEV.P(sensor_data[Energy Consumption]) -> -0.062809908 | P115: =IF(ABS(sensor_data[[#This Row],[z_zcore]])>3, "Outlier", "Normal") -> Normal | Q115: =AVERAGEIF(sensor_data[Unit ID], sensor_data[[#This Row],[Unit ID]], sensor_data[EC]) -> 18.635946 | R115: =IF(ISBLANK(sensor_data[[#This Row],[EC]]), sensor_data[[#This Row],[average]], sensor_data[[#This Row],[EC]]) -> 16 | S115: =IF(sensor_data[[#This Row],[Filled Energy Consumption]]>AVERAGE(sensor_data[Filled Energy Consumption]), "High", "Low") -> Low | T115: T459 | U115: FALSE | V115: 5 | W115: 0 | X115: cooler
A116: 45409.299 | B116: =TEXT(sensor_data[[#This Row],[Timestamp]], "MMMM") -> April | C116: =IF(AND(HOUR(sensor_data[[#This Row],[Timestamp]])>=5, HOUR(sensor_data[[#This Row],[Timestamp]])<12), "Morning", IF(AND(HOUR(sensor_data[[#This Row],[Timestamp]])>=12, HOUR(sensor_data[[#This Row],[Timestamp]])<17), "Afternoon", IF(AND(HOUR(sensor_data[[#This Row],[Timestamp]])>=17, HOUR(sensor_data[[#This Row],[Timestamp]])<21), "Evening", "Night"))) -> Morning | D116: =MONTH(sensor_data[[#This Row],[Timestamp]]) -> 4 | E116: =DAY(sensor_data[[#This Row],[Timestamp]]) -> 27 | F116: U337 | H116: 74.7 | I116: 30.5 | J116: TRUE | K116: 3.5 | L116: =IF(sensor_data[[#This Row],[HVAC Setting]]<=2, "Low", IF(sensor_data[[#This Row],[HVAC Setting]]=3, "Normal", "High")) -> High | M116: 20.19 | N116: 20.19 | O116: =(sensor_data[[#This Row],[Energy Consumption]]-AVERAGE(sensor_data[Energy Consumption]))/_xlfn.STDEV.P(sensor_data[Energy Consumption]) -> -0.014087255 | P116: =IF(ABS(sensor_data[[#This Row],[z_zcore]])>3, "Outlier", "Normal") -> Normal | Q116: =AVERAGEIF(sensor_data[Unit ID], sensor_data[[#This Row],[Unit ID]], sensor_data[EC]) -> 18.635946 | R116: =IF(ISBLANK(sensor_data[[#This Row],[EC]]), sensor_data[[#This Row],[average]], sensor_data[[#This Row],[EC]]) -> 20.19 | S116: =IF(sensor_data[[#This Row],[Filled Energy Consumption]]>AVERAGE(sensor_data[Filled Energy Consumption]), "High", "Low") -> High | T116: T291 | U116: TRUE | V116: 3 | W116: 1 | X116: warmer
A117: 45350.869 | B117: =TEXT(sensor_data[[#This Row],[Timestamp]], "MMMM") -> February | C117: =IF(AND(HOUR(sensor_data[[#This Row],[Timestamp]])>=5, HOUR(sensor_data[[#This Row],[Timestamp]])<12), "Morning", IF(AND(HOUR(sensor_data[[#This Row],[Timestamp]])>=12, HOUR(sensor_data[[#This Row],[Timestamp]])<17), "Afternoon", IF(AND(HOUR(sensor_data[[#This Row],[Timestamp]])>=17, HOUR(sensor_data[[#This Row],[Timestamp]])<21), "Evening", "Night"))) -> Evening | D117: =MONTH(sensor_data[[#This Row],[Timestamp]]) -> 2 | E117: =DAY(sensor_data[[#This Row],[Timestamp]]) -> 28 | F117: U337 | H117: 42.9 | I117: 29.7 | J117: TRUE | K117: 4 | L117: =IF(sensor_data[[#This Row],[HVAC Setting]]<=2, "Low", IF(sensor_data[[#This Row],[HVAC Setting]]=3, "Normal", "High")) -> High | M117: 27.61 | N117: 27.61 | O117: =(sensor_data[[#This Row],[Energy Consumption]]-AVERAGE(sensor_data[Energy Consumption]))/_xlfn.STDEV.P(sensor_data[Energy Consumption]) -> 0.072194865 | P117: =IF(ABS(sensor_data[[#This Row],[z_zcore]])>3, "Outlier", "Normal") -> Normal | Q117: =AVERAGEIF(sensor_data[Unit ID], sensor_data[[#This Row],[Unit ID]], sensor_data[EC]) -> 18.635946 | R117: =IF(ISBLANK(sensor_data[[#This Row],[EC]]), sensor_data[[#This Row],[average]], sensor_data[[#This Row],[EC]]) -> 27.61 | S117: =IF(sensor_data[[#This Row],[Filled Energy Consumption]]>AVERAGE(sensor_data[Filled Energy Consumption]), "High", "Low") -> High | T117: T080 | U117: TRUE | V117: 9 | W117: 1 | X117: warmer
A118: 45472.978 | B118: =TEXT(sensor_data[[#This Row],[Timestamp]], "MMMM") -> June | C118: =IF(AND(HOUR(sensor_data[[#This Row],[Timestamp]])>=5, HOUR(sensor_data[[#This Row],[Timestamp]])<12), "Morning", IF(AND(HOUR(sensor_data[[#This Row],[Timestamp]])>=12, HOUR(sensor_data[[#This Row],[Timestamp]])<17), "Afternoon", IF(AND(HOUR(sensor_data[[#This Row],[Timestamp]])>=17, HOUR(sensor_data[[#This Row],[Timestamp]])<21), "Evening", "Night"))) -> Night | D118: =MONTH(sensor_data[[#This Row],[Timestamp]]) -> 6 | E118: =DAY(sensor_data[[#This Row],[Timestamp]]) -> 29 | F118: U337 | H118: 88.9 | I118: 48.3 | J118: TRUE | K118: 4.5 | L118: =IF(sensor_data[[#This Row],[HVAC Setting]]<=2, "Low", IF(sensor_data[[#This Row],[HVAC Setting]]=3, "Normal", "High")) -> High | M118: 27.92 | N118: 27.92 | O118: =(sensor_data[[#This Row],[Energy Consumption]]-AVERAGE(sensor_data[Energy Consumption]))/_xlfn.STDEV.P(sensor_data[Energy Consumption]) -> 0.075799643 | P118: =IF(ABS(sensor_data[[#This Row],[z_zcore]])>3, "Outlier", "Normal") -> Normal | Q118: =AVERAGEIF(sensor_data[Unit ID], sensor_data[[#This Row],[Unit ID]], sensor_data[EC]) -> 18.635946 | R118: =IF(ISBLANK(sensor_data[[#This Row],[EC]]), sensor_data[[#This Row],[average]], sensor_data[[#This Row],[EC]]) -> 27.92 | S118: =IF(sensor_data[[#This Row],[Filled Energy Consumption]]>AVERAGE(sensor_data[Filled Energy Consumption]), "High", "Low") -> High | T118: T242 | U118: TRUE | V118: 1 | W118: 1 | X118: cooler
A119: 45443.238 | B119: =TEXT(sensor_data[[#This Row],[Timestamp]], "MMMM") -> May | C119: =IF(AND(HOUR(sensor_data[[#This Row],[Timestamp]])>=5, HOUR(sensor_data[[#This Row],[Timestamp]])<12), "Morning", IF(AND(HOUR(sensor_data[[#This Row],[Timestamp]])>=12, HOUR(sensor_data[[#This Row],[Timestamp]])<17), "Afternoon", IF(AND(HOUR(sensor_data[[#This Row],[Timestamp]])>=17, HOUR(sensor_data[[#This Row],[Timestamp]])<21), "Evening", "Night"))) -> Morning | D119: =MONTH(sensor_data[[#This Row],[Timestamp]]) -> 5 | E119: =DAY(sensor_data[[#This Row],[Timestamp]]) -> 31 | F119: U337 | H119: 70 | I119: 34 | J119: TRUE | K119: 2 | L119: =IF(sensor_data[[#This Row],[HVAC Setting]]<=2, "Low", IF(sensor_data[[#This Row],[HVAC Setting]]=3, "Normal", "High")) -> Low | M119: 12.14 | N119: 12.14 | O119: =(sensor_data[[#This Row],[Energy Consumption]]-AVERAGE(sensor_data[Energy Consumption]))/_xlfn.STDEV.P(sensor_data[Energy Consumption]) -> -0.10769522 | P119: =IF(ABS(sensor_data[[#This Row],[z_zcore]])>3, "Outlier", "Normal") -> Normal | Q119: =AVERAGEIF(sensor_data[Unit ID], sensor_data[[#This Row],[Unit ID]], sensor_data[EC]) -> 18.635946 | R119: =IF(ISBLANK(sensor_data[[#This Row],[EC]]), sensor_data[[#This Row],[average]], sensor_data[[#This Row],[EC]]) -> 12.14 | S119: =IF(sensor_data[[#This Row],[Filled Energy Consumption]]>AVERAGE(sensor_data[Filled Energy Consumption]), "High", "Low") -> Low | T119: T160 | U119: TRUE | V119: 20 | W119: 0 | X119: neutral
A120: 45392.457 | B120: =TEXT(sensor_data[[#This Row],[Timestamp]], "MMMM") -> April | C120: =IF(AND(HOUR(sensor_data[[#This Row],[Timestamp]])>=5, HOUR(sensor_data[[#This Row],[Timestamp]])<12), "Morning", IF(AND(HOUR(sensor_data[[#This Row],[Timestamp]])>=12, HOUR(sensor_data[[#This Row],[Timestamp]])<17), "Afternoon", IF(AND(HOUR(sensor_data[[#This Row],[Timestamp]])>=17, HOUR(sensor_data[[#This Row],[Timestamp]])<21), "Evening", "Night"))) -> Morning | D120: =MONTH(sensor_data[[#This Row],[Timestamp]]) -> 4 | E120: =DAY(sensor_data[[#This Row],[Timestamp]]) -> 10 | F120: U337 | H120: 61.8 | I120: 43.6 | J120: FALSE | K120: 2 | L120: =IF(sensor_data[[#This Row],[HVAC Setting]]<=2, "Low", IF(sensor_data[[#This Row],[HVAC Setting]]=3, "Normal", "High")) -> Low | M120: 10 | N120: 10 | O120: =(sensor_data[[#This Row],[Energy Consumption]]-AVERAGE(sensor_data[Energy Consumption]))/_xlfn.STDEV.P(sensor_data[Energy Consumption]) -> -0.13257982 | P120: =IF(ABS(sensor_data[[#This Row],[z_zcore]])>3, "Outlier", "Normal") -> Normal | Q120: =AVERAGEIF(sensor_data[Unit ID], sensor_data[[#This Row],[Unit ID]], sensor_data[EC]) -> 18.635946 | R120: =IF(ISBLANK(sensor_data[[#This Row],[EC]]), sensor_data[[#This Row],[average]], sensor_data[[#This Row],[EC]]) -> 10 | S120: =IF(sensor_data[[#This Row],[Filled Energy Consumption]]>AVERAGE(sensor_data[Filled Energy Consumption]), "High", "Low") -> Low | T120: T401 | U120: FALSE | V120: 17 | W120: 0 | X120: cooler
A121: 45345.064 | B121: =TEXT(sensor_data[[#This Row],[Timestamp]], "MMMM") -> February | C121: =IF(AND(HOUR(sensor_data[[#This Row],[Timestamp]])>=5, HOUR(sensor_data[[#This Row],[Timestamp]])<12), "Morning", IF(AND(HOUR(sensor_data[[#This Row],[Timestamp]])>=12, HOUR(sensor_data[[#This Row],[Timestamp]])<17), "Afternoon", IF(AND(HOUR(sensor_data[[#This Row],[Timestamp]])>=17, HOUR(sensor_data[[#This Row],[Timestamp]])<21), "Evening", "Night"))) -> Night | D121: =MONTH(sensor_data[[#This Row],[Timestamp]]) -> 2 | E121: =DAY(sensor_data[[#This Row],[Timestamp]]) -> 23 | F121: U337 | H121: 43.9 | I121: 36.6 | J121: FALSE | K121: 2 | L121: =IF(sensor_data[[#This Row],[HVAC Setting]]<=2, "Low", IF(sensor_data[[#This Row],[HVAC Setting]]=3, "Normal", "High")) -> Low | M121: 12 | N121: 12 | O121: =(sensor_data[[#This Row],[Energy Consumption]]-AVERAGE(sensor_data[Energy Consumption]))/_xlfn.STDEV.P(sensor_data[Energy Consumption]) -> -0.10932318 | P121: =IF(ABS(sensor_data[[#This Row],[z_zcore]])>3, "Outlier", "Normal") -> Normal | Q121: =AVERAGEIF(sensor_data[Unit ID], sensor_data[[#This Row],[Unit ID]], sensor_data[EC]) -> 18.635946 | R121: =IF(ISBLANK(sensor_data[[#This Row],[EC]]), sensor_data[[#This Row],[average]], sensor_data[[#This Row],[EC]]) -> 12 | S121: =IF(sensor_data[[#This Row],[Filled Energy Consumption]]>AVERAGE(sensor_data[Filled Energy Consumption]), "High", "Low") -> Low | T121: T240 | U121: FALSE | V121: 2 | W121: 1 | X121: warmer
A122: 45432.428 | B122: =TEXT(sensor_data[[#This Row],[Timestamp]], "MMMM") -> May | C122: =IF(AND(HOUR(sensor_data[[#This Row],[Timestamp]])>=5, HOUR(sensor_data[[#This Row],[Timestamp]])<12), "Morning", IF(AND(HOUR(sensor_data[[#This Row],[Timestamp]])>=12, HOUR(sensor_data[[#This Row],[Timestamp]])<17), "Afternoon", IF(AND(HOUR(sensor_data[[#This Row],[Timestamp]])>=17, HOUR(sensor_data[[#This Row],[Timestamp]])<21), "Evening", "Night"))) -> Morning | D122: =MONTH(sensor_data[[#This Row],[Timestamp]]) -> 5 | E122: =DAY(sensor_data[[#This Row],[Timestamp]]) -> 20 | F122: U493 | H122: 69.8 | I122: 46.5 | J122: FALSE | K122: 2 | L122: =IF(sensor_data[[#This Row],[HVAC Setting]]<=2, "Low", IF(sensor_data[[#This Row],[HVAC Setting]]=3, "Normal", "High")) -> Low | M122: 10 | N122: 10 | O122: =(sensor_data[[#This Row],[Energy Consumption]]-AVERAGE(sensor_data[Energy Consumption]))/_xlfn.STDEV.P(sensor_data[Energy Consumption]) -> -0.13257982 | P122: =IF(ABS(sensor_data[[#This Row],[z_zcore]])>3, "Outlier", "Normal") -> Normal | Q122: =AVERAGEIF(sensor_data[Unit ID], sensor_data[[#This Row],[Unit ID]], sensor_data[EC]) -> 19.563889 | R122: =IF(ISBLANK(sensor_data[[#This Row],[EC]]), sensor_data[[#This Row],[average]], sensor_data[[#This Row],[EC]]) -> 10 | S122: =IF(sensor_data[[#This Row],[Filled Energy Consumption]]>AVERAGE(sensor_data[Filled Energy Consumption]), "High", "Low") -> Low | T122: T042 | U122: FALSE | V122: 22 | W122: 0 | X122: warmer
A123: 45529.306 | B123: =TEXT(sensor_data[[#This Row],[Timestamp]], "MMMM") -> August | C123: =IF(AND(HOUR(sensor_data[[#This Row],[Timestamp]])>=5, HOUR(sensor_data[[#This Row],[Timestamp]])<12), "Morning", IF(AND(HOUR(sensor_data[[#This Row],[Timestamp]])>=12, HOUR(sensor_data[[#This Row],[Timestamp]])<17), "Afternoon", IF(AND(HOUR(sensor_data[[#This Row],[Timestamp]])>=17, HOUR(sensor_data[[#This Row],[Timestamp]])<21), "Evening", "Night"))) -> Morning | D123: =MONTH(sensor_data[[#This Row],[Timestamp]]) -> 8 | E123: =DAY(sensor_data[[#This Row],[Timestamp]]) -> 25 | F123: U493 | H123: 89.3 | I123: 62.3 | J123: TRUE | K123: 4.5 | L123: =IF(sensor_data[[#This Row],[HVAC Setting]]<=2, "Low", IF(sensor_data[[#This Row],[HVAC Setting]]=3, "Normal", "High")) -> High | M123: 28.45 | N123: 28.45 | O123: =(sensor_data[[#This Row],[Energy Consumption]]-AVERAGE(sensor_data[Energy Consumption]))/_xlfn.STDEV.P(sensor_data[Energy Consumption]) -> 0.081962652 | P123: =IF(ABS(sensor_data[[#This Row],[z_zcore]])>3, "Outlier", "Normal") -> Normal | Q123: =AVERAGEIF(sensor_data[Unit ID], sensor_data[[#This Row],[Unit ID]], sensor_data[EC]) -> 19.563889 | R123: =IF(ISBLANK(sensor_data[[#This Row],[EC]]), sensor_data[[#This Row],[average]], sensor_data[[#This Row],[EC]]) -> 28.45 | S123: =IF(sensor_data[[#This Row],[Filled Energy Consumption]]>AVERAGE(sensor_data[Filled Energy Consumption]), "High", "Low") -> High | T123: T155 | U123: TRUE | V123: 21 | W123: 0 | X123: neutral
A124: 45503.586 | B124: =TEXT(sensor_data[[#This Row],[Timestamp]], "MMMM") -> July | C124: =IF(AND(HOUR(sensor_data[[#This Row],[Timestamp]])>=5, HOUR(sensor_data[[#This Row],[Timestamp]])<12), "Morning", IF(AND(HOUR(sensor_data[[#This Row],[Timestamp]])>=12, HOUR(sensor_data[[#This Row],[Timestamp]])<17), "Afternoon", IF(AND(HOUR(sensor_data[[#This Row],[Timestamp]])>=17, HOUR(sensor_data[[#This Row],[Timestamp]])<21), "Evening", "Night"))) -> Afternoon | D124: =MONTH(sensor_data[[#This Row],[Timestamp]]) -> 7 | E124: =DAY(sensor_data[[#This Row],[Timestamp]]) -> 30 | F124: U493 | H124: 89.6 | I124: 68.9 | J124: FALSE | K124: 3 | L124: =IF(sensor_data[[#This Row],[HVAC Setting]]<=2, "Low", IF(sensor_data[[#This Row],[HVAC Setting]]=3, "Normal", "High")) -> Normal | M124: 17 | N124: 17 | O124: =(sensor_data[[#This Row],[Energy Consumption]]-AVERAGE(sensor_data[Energy Consumption]))/_xlfn.STDEV.P(sensor_data[Energy Consumption]) -> -0.05118159 | P124: =IF(ABS(sensor_data[[#This Row],[z_zcore]])>3, "Outlier", "Normal") -> Normal | Q124: =AVERAGEIF(sensor_data[Unit ID], sensor_data[[#This Row],[Unit ID]], sensor_data[EC]) -> 19.563889 | R124: =IF(ISBLANK(sensor_data[[#This Row],[EC]]), sensor_data[[#This Row],[average]], sensor_data[[#This Row],[EC]]) -> 17 | S124: =IF(sensor_data[[#This Row],[Filled Energy Consumption]]>AVERAGE(sensor_data[Filled Energy Consumption]), "High", "Low") -> Low | T124: T407 | U124: FALSE | V124: 12 | W124: 1 | X124: neutral
A125: 45632.344 | B125: =TEXT(sensor_data[[#This Row],[Timestamp]], "MMMM") -> December | C125: =IF(AND(HOUR(sensor_data[[#This Row],[Timestamp]])>=5, HOUR(sensor_data[[#This Row],[Timestamp]])<12), "Morning", IF(AND(HOUR(sensor_data[[#This Row],[Timestamp]])>=12, HOUR(sensor_data[[#This Row],[Timestamp]])<17), "Afternoon", IF(AND(HOUR(sensor_data[[#This Row],[Timestamp]])>=17, HOUR(sensor_data[[#This Row],[Timestamp]])<21), "Evening", "Night"))) -> Morning | D125: =MONTH(sensor_data[[#This Row],[Timestamp]]) -> 12 | E125: =DAY(sensor_data[[#This Row],[Timestamp]]) -> 6 | F125: U493 | H125: 40.1 | I125: 31.7 | J125: TRUE | K125: 4 | L125: =IF(sensor_data[[#This Row],[HVAC Setting]]<=2, "Low", IF(sensor_data[[#This Row],[HVAC Setting]]=3, "Normal", "High")) -> High | M125: 24.41 | N125: 24.41 | O125: =(sensor_data[[#This Row],[Energy Consumption]]-AVERAGE(sensor_data[Energy Consumption]))/_xlfn.STDEV.P(sensor_data[Energy Consumption]) -> 0.034984247 | P125: =IF(ABS(sensor_data[[#This Row],[z_zcore]])>3, "Outlier", "Normal") -> Normal | Q125: =AVERAGEIF(sensor_data[Unit ID], sensor_data[[#This Row],[Unit ID]], sensor_data[EC]) -> 19.563889 | R125: =IF(ISBLANK(sensor_data[[#This Row],[EC]]), sensor_data[[#This Row],[average]], sensor_data[[#This Row],[EC]]) -> 24.41 | S125: =IF(sensor_data[[#This Row],[Filled Energy Consumption]]>AVERAGE(sensor_data[Filled Energy Consumption]), "High", "Low") -> High | T125: T037 | U125: TRUE | V125: 1 | W125: 0 | X125: neutral
A126: 45637.199 | B126: =TEXT(sensor_data[[#This Row],[Timestamp]], "MMMM") -> December | C126: =IF(AND(HOUR(sensor_data[[#This Row],[Timestamp]])>=5, HOUR(sensor_data[[#This Row],[Timestamp]])<12), "Morning", IF(AND(HOUR(sensor_data[[#This Row],[Timestamp]])>=12, HOUR(sensor_data[[#This Row],[Timestamp]])<17), "Afternoon", IF(AND(HOUR(sensor_data[[#This Row],[Timestamp]])>=17, HOUR(sensor_data[[#This Row],[Timestamp]])<21), "Evening", "Night"))) -> Night | D126: =MONTH(sensor_data[[#This Row],[Timestamp]]) -> 12 | E126: =DAY(sensor_data[[#This Row],[Timestamp]]) -> 11 | F126: U493 | H126: 43.3 | I126: 34.4 | J126: FALSE | K126: 2 | L126: =IF(sensor_data[[#This Row],[HVAC Setting]]<=2, "Low", IF(sensor_data[[#This Row],[HVAC Setting]]=3, "Normal", "High")) -> Low | O126: =(sensor_data[[#This Row],[Energy Consumption]]-AVERAGE(sensor_data[Energy Consumption]))/_xlfn.STDEV.P(sensor_data[Energy Consumption]) -> -0.248863 | P126: =IF(ABS(sensor_data[[#This Row],[z_zcore]])>3, "Outlier", "Normal") -> Normal | Q126: =AVERAGEIF(sensor_data[Unit ID], sensor_data[[#This Row],[Unit ID]], sensor_data[EC]) -> 19.563889 | R126: =IF(ISBLANK(sensor_data[[#This Row],[EC]]), sensor_data[[#This Row],[average]], sensor_data[[#This Row],[EC]]) -> 19.563889 | S126: =IF(sensor_data[[#This Row],[Filled Energy Consumption]]>AVERAGE(sensor_data[Filled Energy Consumption]), "High", "Low") -> High | T126: T222 | U126: FALSE | V126: 3 | W126: 0 | X126: cooler
A127: 45646.938 | B127: =TEXT(sensor_data[[#This Row],[Timestamp]], "MMMM") -> December | C127: =IF(AND(HOUR(sensor_data[[#This Row],[Timestamp]])>=5, HOUR(sensor_data[[#This Row],[Timestamp]])<12), "Morning", IF(AND(HOUR(sensor_data[[#This Row],[Timestamp]])>=12, HOUR(sensor_data[[#This Row],[Timestamp]])<17), "Afternoon", IF(AND(HOUR(sensor_data[[#This Row],[Timestamp]])>=17, HOUR(sensor_data[[#This Row],[Timestamp]])<21), "Evening", "Night"))) -> Night | D127: =MONTH(sensor_data[[#This Row],[Timestamp]]) -> 12 | E127: =DAY(sensor_data[[#This Row],[Timestamp]]) -> 20 | F127: U493 | H127: 44.2 | I127: 30.3 | J127: FALSE | K127: 3 | L127: =IF(sensor_data[[#This Row],[HVAC Setting]]<=2, "Low", IF(sensor_data[[#This Row],[HVAC Setting]]=3, "Normal", "High")) -> Normal | M127: 17 | N127: 17 | O127: =(sensor_data[[#This Row],[Energy Consumption]]-AVERAGE(sensor_data[Energy Consumption]))/_xlfn.STDEV.P(sensor_data[Energy Consumption]) -> -0.05118159 | P127: =IF(ABS(sensor_data[[#This Row],[z_zcore]])>3, "Outlier", "Normal") -> Normal | Q127: =AVERAGEIF(sensor_data[Unit ID], sensor_data[[#This Row],[Unit ID]], sensor_data[EC]) -> 19.563889 | R127: =IF(ISBLANK(sensor_data[[#This Row],[EC]]), sensor_data[[#This Row],[average]], sensor_data[[#This Row],[EC]]) -> 17 | S127: =IF(sensor_data[[#This Row],[Filled Energy Consumption]]>AVERAGE(sensor_data[Filled Energy Consumption]), "High", "Low") -> Low | T127: T071 | U127: FALSE | V127: 21 | W127: 1 | X127: neutral
A128: 45492.037 | B128: =TEXT(sensor_data[[#This Row],[Timestamp]], "MMMM") -> July | C128: =IF(AND(HOUR(sensor_data[[#This Row],[Timestamp]])>=5, HOUR(sensor_data[[#This Row],[Timestamp]])<12), "Morning", IF(AND(HOUR(sensor_data[[#This Row],[Timestamp]])>=12, HOUR(sensor_data[[#This Row],[Timestamp]])<17), "Afternoon", IF(AND(HOUR(sensor_data[[#This Row],[Timestamp]])>=17, HOUR(sensor_data[[#This Row],[Timestamp]])<21), "Evening", "Night"))) -> Night | D128: =MONTH(sensor_data[[#This Row],[Timestamp]]) -> 7 | E128: =DAY(sensor_data[[#This Row],[Timestamp]]) -> 19 | F128: U493 | H128: 84.6 | I128: 54.1 | J128: FALSE | K128: 1 | L128: =IF(sensor_data[[#This Row],[HVAC Setting]]<=2, "Low", IF(sensor_data[[#This Row],[HVAC Setting]]=3, "Normal", "High")) -> Low | M128: 5 | N128: 5 | O128: =(sensor_data[[#This Row],[Energy Consumption]]-AVERAGE(sensor_data[Energy Consumption]))/_xlfn.STDEV.P(sensor_data[Energy Consumption]) -> -0.19072141 | P128: =IF(ABS(sensor_data[[#This Row],[z_zcore]])>3, "Outlier", "Normal") -> Normal | Q128: =AVERAGEIF(sensor_data[Unit ID], sensor_data[[#This Row],[Unit ID]], sensor_data[EC]) -> 19.563889 | R128: =IF(ISBLANK(sensor_data[[#This Row],[EC]]), sensor_data[[#This Row],[average]], sensor_data[[#This Row],[EC]]) -> 5 | S128: =IF(sensor_data[[#This Row],[Filled Energy Consumption]]>AVERAGE(sensor_data[Filled Energy Consumption]), "High", "Low") -> Low | T128: T276 | U128: FALSE | V128: 4 | W128: 0 | X128: neutral
A129: 45447.465 | B129: =TEXT(sensor_data[[#This Row],[Timestamp]], "MMMM") -> June | C129: =IF(AND(HOUR(sensor_data[[#This Row],[Timestamp]])>=5, HOUR(sensor_data[[#This Row],[Timestamp]])<12), "Morning", IF(AND(HOUR(sensor_data[[#This Row],[Timestamp]])>=12, HOUR(sensor_data[[#This Row],[Timestamp]])<17), "Afternoon", IF(AND(HOUR(sensor_data[[#This Row],[Timestamp]])>=17, HOUR(sensor_data[[#This Row],[Timestamp]])<21), "Evening", "Night"))) -> Morning | D129: =MONTH(sensor_data[[#This Row],[Timestamp]]) -> 6 | E129: =DAY(sensor_data[[#This Row],[Timestamp]]) -> 4 | F129: U493 | H129: 90.6 | I129: 57 | J129: FALSE | K129: 4 | L129: =IF(sensor_data[[#This Row],[HVAC Setting]]<=2, "Low", IF(sensor_data[[#This Row],[HVAC Setting]]=3, "Normal", "High")) -> High | M129: 23 | N129: 23 | O129: =(sensor_data[[#This Row],[Energy Consumption]]-AVERAGE(sensor_data[Energy Consumption]))/_xlfn.STDEV.P(sensor_data[Energy Consumption]) -> 0.018588319 | P129: =IF(ABS(sensor_data[[#This Row],[z_zcore]])>3, "Outlier", "Normal") -> Normal | Q129: =AVERAGEIF(sensor_data[Unit ID], sensor_data[[#This Row],[Unit ID]], sensor_data[EC]) -> 19.563889 | R129: =IF(ISBLANK(sensor_data[[#This Row],[EC]]), sensor_data[[#This Row],[average]], sensor_data[[#This Row],[EC]]) -> 23 | S129: =IF(sensor_data[[#This Row],[Filled Energy Consumption]]>AVERAGE(sensor_data[Filled Energy Consumption]), "High", "Low") -> High | T129: T081 | U129: FALSE | V129: 8 | W129: 0 | X129: warmer
A130: 45409.706 | B130: =TEXT(sensor_data[[#This Row],[Timestamp]], "MMMM") -> April | C130: =IF(AND(HOUR(sensor_data[[#This Row],[Timestamp]])>=5, HOUR(sensor_data[[#This Row],[Timestamp]])<12), "Morning", IF(AND(HOUR(sensor_data[[#This Row],[Timestamp]])>=12, HOUR(sensor_data[[#This Row],[Timestamp]])<17), "Afternoon", IF(AND(HOUR(sensor_data[[#This Row],[Timestamp]])>=17, HOUR(sensor_data[[#This Row],[Timestamp]])<21), "Evening", "Night"))) -> Afternoon | D130: =MONTH(sensor_data[[#This Row],[Timestamp]]) -> 4 | E130: =DAY(sensor_data[[#This Row],[Timestamp]]) -> 27 | F130: U493 | H130: 64 | I130: 39 | J130: FALSE | K130: 3.5 | L130: =IF(sensor_data[[#This Row],[HVAC Setting]]<=2, "Low", IF(sensor_data[[#This Row],[HVAC Setting]]=3, "Normal", "High")) -> High | M130: 18.38 | N130: 18.38 | O130: =(sensor_data[[#This Row],[Energy Consumption]]-AVERAGE(sensor_data[Energy Consumption]))/_xlfn.STDEV.P(sensor_data[Energy Consumption]) -> -0.035134511 | P130: =IF(ABS(sensor_data[[#This Row],[z_zcore]])>3, "Outlier", "Normal") -> Normal | Q130: =AVERAGEIF(sensor_data[Unit ID], sensor_data[[#This Row],[Unit ID]], sensor_data[EC]) -> 19.563889 | R130: =IF(ISBLANK(sensor_data[[#This Row],[EC]]), sensor_data[[#This Row],[average]], sensor_data[[#This Row],[EC]]) -> 18.38 | S130: =IF(sensor_data[[#This Row],[Filled Energy Consumption]]>AVERAGE(sensor_data[Filled Energy Consumption]), "High", "Low") -> High | T130: T281 | U130: FALSE | V130: 16 | W130: 0 | X130: neutral
A131: 45588.912 | B131: =TEXT(sensor_data[[#This Row],[Timestamp]], "MMMM") -> October | C131: =IF(AND(HOUR(sensor_data[[#This Row],[Timestamp]])>=5, HOUR(sensor_data[[#This Row],[Timestamp]])<12), "Morning", IF(AND(HOUR(sensor_data[[#This Row],[Timestamp]])>=12, HOUR(sensor_data[[#This Row],[Timestamp]])<17), "Afternoon", IF(AND(HOUR(sensor_data[[#This Row],[Timestamp]])>=17, HOUR(sensor_data[[#This Row],[Timestamp]])<21), "Evening", "Night"))) -> Night | D131: =MONTH(sensor_data[[#This Row],[Timestamp]]) -> 10 | E131: =DAY(sensor_data[[#This Row],[Timestamp]]) -> 23 | F131: U493 | H131: 66.6 | I131: 31.9 | J131: TRUE | K131: 3 | L131: =IF(sensor_data[[#This Row],[HVAC Setting]]<=2, "Low", IF(sensor_data[[#This Row],[HVAC Setting]]=3, "Normal", "High")) -> Normal | M131: 18.47 | N131: 18.47 | O131: =(sensor_data[[#This Row],[Energy Consumption]]-AVERAGE(sensor_data[Energy Consumption]))/_xlfn.STDEV.P(sensor_data[Energy Consumption]) -> -0.034087962 | P131: =IF(ABS(sensor_data[[#This Row],[z_zcore]])>3, "Outlier", "Normal") -> Normal | Q131: =AVERAGEIF(sensor_data[Unit ID], sensor_data[[#This Row],[Unit ID]], sensor_data[EC]) -> 19.563889 | R131: =IF(ISBLANK(sensor_data[[#This Row],[EC]]), sensor_data[[#This Row],[average]], sensor_data[[#This Row],[EC]]) -> 18.47 | S131: =IF(sensor_data[[#This Row],[Filled Energy Consumption]]>AVERAGE(sensor_data[Filled Energy Consumption]), "High", "Low") -> High | T131: T164 | U131: TRUE | V131: 21 | W131: 1 | X131: cooler
A132: 45540.718 | B132: =TEXT(sensor_data[[#This Row],[Timestamp]], "MMMM") -> September | C132: =IF(AND(HOUR(sensor_data[[#This Row],[Timestamp]])>=5, HOUR(sensor_data[[#This Row],[Timestamp]])<12), "Morning", IF(AND(HOUR(sensor_data[[#This Row],[Timestamp]])>=12, HOUR(sensor_data[[#This Row],[Timestamp]])<17), "Afternoon", IF(AND(HOUR(sensor_data[[#This Row],[Timestamp]])>=17, HOUR(sensor_data[[#This Row],[Timestamp]])<21), "Evening", "Night"))) -> Evening | D132: =MONTH(sensor_data[[#This Row],[Timestamp]]) -> 9 | E132: =DAY(sensor_data[[#This Row],[Timestamp]]) -> 5 | F132: U493 | H132: 65.5 | I132: 37.2 | J132: TRUE | K132: 5 | L132: =IF(sensor_data[[#This Row],[HVAC Setting]]<=2, "Low", IF(sensor_data[[#This Row],[HVAC Setting]]=3, "Normal", "High")) -> High | M132: 29.97 | N132: 29.97 | O132: =(sensor_data[[#This Row],[Energy Consumption]]-AVERAGE(sensor_data[Energy Consumption]))/_xlfn.STDEV.P(sensor_data[Energy Consumption]) -> 0.099637695 | P132: =IF(ABS(sensor_data[[#This Row],[z_zcore]])>3, "Outlier", "Normal") -> Normal | Q132: =AVERAGEIF(sensor_data[Unit ID], sensor_data[[#This Row],[Unit ID]], sensor_data[EC]) -> 19.563889 | R132: =IF(ISBLANK(sensor_data[[#This Row],[EC]]), sensor_data[[#This Row],[average]], sensor_data[[#This Row],[EC]]) -> 29.97 | S132: =IF(sensor_data[[#This Row],[Filled Energy Consumption]]>AVERAGE(sensor_data[Filled Energy Consumption]), "High", "Low") -> High | T132: T457 | U132: TRUE | V132: 12 | W132: 1 | X132: cooler
A133: 45337.21 | B133: =TEXT(sensor_data[[#This Row],[Timestamp]], "MMMM") -> February | C133: =IF(AND(HOUR(sensor_data[[#This Row],[Timestamp]])>=5, HOUR(sensor_data[[#This Row],[Timestamp]])<12), "Morning", IF(AND(HOUR(sensor_data[[#This Row],[Timestamp]])>=12, HOUR(sensor_data[[#This Row],[Timestamp]])<17), "Afternoon", IF(AND(HOUR(sensor_data[[#This Row],[Timestamp]])>=17, HOUR(sensor_data[[#This Row],[Timestamp]])<21), "Evening", "Night"))) -> Morning | D133: =MONTH(sensor_data[[#This Row],[Timestamp]]) -> 2 | E133: =DAY(sensor_data[[#This Row],[Timestamp]]) -> 15 | F133: U493 | H133: 42.5 | I133: 35.4 | J133: FALSE | K133: 3 | L133: =IF(sensor_data[[#This Row],[HVAC Setting]]<=2, "Low", IF(sensor_data[[#This Row],[HVAC Setting]]=3, "Normal", "High")) -> Normal | M133: 17 | N133: 17 | O133: =(sensor_data[[#This Row],[Energy Consumption]]-AVERAGE(sensor_data[Energy Consumption]))/_xlfn.STDEV.P(sensor_data[Energy Consumption]) -> -0.05118159 | P133: =IF(ABS(sensor_data[[#This Row],[z_zcore]])>3, "Outlier", "Normal") -> Normal | Q133: =AVERAGEIF(sensor_data[Unit ID], sensor_data[[#This Row],[Unit ID]], sensor_data[EC]) -> 19.563889 | R133: =IF(ISBLANK(sensor_data[[#This Row],[EC]]), sensor_data[[#This Row],[average]], sensor_data[[#This Row],[EC]]) -> 17 | S133: =IF(sensor_data[[#This Row],[Filled Energy Consumption]]>AVERAGE(sensor_data[Filled Energy Consumption]), "High", "Low") -> Low | T133: T449 | U133: FALSE | V133: 4 | W133: 0 | X133: cooler
A134: 45641.932 | B134: =TEXT(sensor_data[[#This Row],[Timestamp]], "MMMM") -> December | C134: =IF(AND(HOUR(sensor_data[[#This Row],[Timestamp]])>=5, HOUR(sensor_data[[#This Row],[Timestamp]])<12), "Morning", IF(AND(HOUR(sensor_data[[#This Row],[Timestamp]])>=12, HOUR(sensor_data[[#This Row],[Timestamp]])<17), "Afternoon", IF(AND(HOUR(sensor_data[[#This Row],[Timestamp]])>=17, HOUR(sensor_data[[#This Row],[Timestamp]])<21), "Evening", "Night"))) -> Night | D134: =MONTH(sensor_data[[#This Row],[Timestamp]]) -> 12 | E134: =DAY(sensor_data[[#This Row],[Timestamp]]) -> 15 | F134: U493 | H134: 41.2 | I134: 35.1 | J134: FALSE | K134: 2.5 | L134: =IF(sensor_data[[#This Row],[HVAC Setting]]<=2, "Low", IF(sensor_data[[#This Row],[HVAC Setting]]=3, "Normal", "High")) -> High | M134: 16.28 | N134: 16.28 | O134: =(sensor_data[[#This Row],[Energy Consumption]]-AVERAGE(sensor_data[Energy Consumption]))/_xlfn.STDEV.P(sensor_data[Energy Consumption]) -> -0.059553978 | P134: =IF(ABS(sensor_data[[#This Row],[z_zcore]])>3, "Outlier", "Normal") -> Normal | Q134: =AVERAGEIF(sensor_data[Unit ID], sensor_data[[#This Row],[Unit ID]], sensor_data[EC]) -> 19.563889 | R134: =IF(ISBLANK(sensor_data[[#This Row],[EC]]), sensor_data[[#This Row],[average]], sensor_data[[#This Row],[EC]]) -> 16.28 | S134: =IF(sensor_data[[#This Row],[Filled Energy Consumption]]>AVERAGE(sensor_data[Filled Energy Consumption]), "High", "Low") -> Low | T134: T348 | U134: FALSE | V134: 13 | W134: 0 | X134: cooler
A135: 45388.417 | B135: =TEXT(sensor_data[[#This Row],[Timestamp]], "MMMM") -> April | C135: =IF(AND(HOUR(sensor_data[[#This Row],[Timestamp]])>=5, HOUR(sensor_data[[#This Row],[Timestamp]])<12), "Morning", IF(AND(HOUR(sensor_data[[#This Row],[Timestamp]])>=12, HOUR(sensor_data[[#This Row],[Timestamp]])<17), "Afternoon", IF(AND(HOUR(sensor_data[[#This Row],[Timestamp]])>=17, HOUR(sensor_data[[#This Row],[Timestamp]])<21), "Evening", "Night"))) -> Morning | D135: =MONTH(sensor_data[[#This Row],[Timestamp]]) -> 4 | E135: =DAY(sensor_data[[#This Row],[Timestamp]]) -> 6 | F135: U493 | H135: 67.2 | I135: 36.2 | J135: TRUE | K135: 4.5 | L135: =IF(sensor_data[[#This Row],[HVAC Setting]]<=2, "Low", IF(sensor_data[[#This Row],[HVAC Setting]]=3, "Normal", "High")) -> High | O135: =(sensor_data[[#This Row],[Energy Consumption]]-AVERAGE(sensor_data[Energy Consumption]))/_xlfn.STDEV.P(sensor_data[Energy Consumption]) -> -0.248863 | P135: =IF(ABS(sensor_data[[#This Row],[z_zcore]])>3, "Outlier", "Normal") -> Normal | Q135: =AVERAGEIF(sensor_data[Unit ID], sensor_data[[#This Row],[Unit ID]], sensor_data[EC]) -> 19.563889 | R135: =IF(ISBLANK(sensor_data[[#This Row],[EC]]), sensor_data[[#This Row],[average]], sensor_data[[#This Row],[EC]]) -> 19.563889 | S135: =IF(sensor_data[[#This Row],[Filled Energy Consumption]]>AVERAGE(sensor_data[Filled Energy Consumption]), "High", "Low") -> High | T135: T096 | U135: TRUE | V135: 16 | W135: 1 | X135: warmer
A136: 45465.572 | B136: =TEXT(sensor_data[[#This Row],[Timestamp]], "MMMM") -> June | C136: =IF(AND(HOUR(sensor_data[[#This Row],[Timestamp]])>=5, HOUR(sensor_data[[#This Row],[Timestamp]])<12), "Morning", IF(AND(HOUR(sensor_data[[#This Row],[Timestamp]])>=12, HOUR(sensor_data[[#This Row],[Timestamp]])<17), "Afternoon", IF(AND(HOUR(sensor_data[[#This Row],[Timestamp]])>=17, HOUR(sensor_data[[#This Row],[Timestamp]])<21), "Evening", "Night"))) -> Afternoon | D136: =MONTH(sensor_data[[#This Row],[Timestamp]]) -> 6 | E136: =DAY(sensor_data[[#This Row],[Timestamp]]) -> 22 | F136: U493 | H136: 82.9 | I136: 54 | J136: FALSE | K136: 3.5 | L136: =IF(sensor_data[[#This Row],[HVAC Setting]]<=2, "Low", IF(sensor_data[[#This Row],[HVAC Setting]]=3, "Normal", "High")) -> High | M136: 18.38 | N136: 18.38 | O136: =(sensor_data[[#This Row],[Energy Consumption]]-AVERAGE(sensor_data[Energy Consumption]))/_xlfn.STDEV.P(sensor_data[Energy Consumption]) -> -0.035134511 | P136: =IF(ABS(sensor_data[[#This Row],[z_zcore]])>3, "Outlier", "Normal") -> Normal | Q136: =AVERAGEIF(sensor_data[Unit ID], sensor_data[[#This Row],[Unit ID]], sensor_data[EC]) -> 19.563889 | R136: =IF(ISBLANK(sensor_data[[#This Row],[EC]]), sensor_data[[#This Row],[average]], sensor_data[[#This Row],[EC]]) -> 18.38 | S136: =IF(sensor_data[[#This Row],[Filled Energy Consumption]]>AVERAGE(sensor_data[Filled Energy Consumption]), "High", "Low") -> High | T136: T500 | U136: FALSE | V136: 21 | W136: 0 | X136: warmer
A137: 45484.976 | B137: =TEXT(sensor_data[[#This Row],[Timestamp]], "MMMM") -> July | C137: =IF(AND(HOUR(sensor_data[[#This Row],[Timestamp]])>=5, HOUR(sensor_data[[#This Row],[Timestamp]])<12), "Morning", IF(AND(HOUR(sensor_data[[#This Row],[Timestamp]])>=12, HOUR(sensor_data[[#This Row],[Timestamp]])<17), "Afternoon", IF(AND(HOUR(sensor_data[[#This Row],[Timestamp]])>=17, HOUR(sensor_data[[#This Row],[Timestamp]])<21), "Evening", "Night"))) -> Night | D137: =MONTH(sensor_data[[#This Row],[Timestamp]]) -> 7 | E137: =DAY(sensor_data[[#This Row],[Timestamp]]) -> 11 | F137: U493 | H137: 91.9 | I137: 47.4 | J137: FALSE | K137: 3 | L137: =IF(sensor_data[[#This Row],[HVAC Setting]]<=2, "Low", IF(sensor_data[[#This Row],[HVAC Setting]]=3, "Normal", "High")) -> Normal | M137: 17 | N137: 17 | O137: =(sensor_data[[#This Row],[Energy Consumption]]-AVERAGE(sensor_data[Energy Consumption]))/_xlfn.STDEV.P(sensor_data[Energy Consumption]) -> -0.05118159 | P137: =IF(ABS(sensor_data[[#This Row],[z_zcore]])>3, "Outlier", "Normal") -> Normal | Q137: =AVERAGEIF(sensor_data[Unit ID], sensor_data[[#This Row],[Unit ID]], sensor_data[EC]) -> 19.563889 | R137: =IF(ISBLANK(sensor_data[[#This Row],[EC]]), sensor_data[[#This Row],[average]], sensor_data[[#This Row],[EC]]) -> 17 | S137: =IF(sensor_data[[#This Row],[Filled Energy Consumption]]>AVERAGE(sensor_data[Filled Energy Consumption]), "High", "Low") -> Low | T137: T284 | U137: FALSE | V137: 11 | W137: 1 | X137: neutral
A138: 45533.897 | B138: =TEXT(sensor_data[[#This Row],[Timestamp]], "MMMM") -> August | C138: =IF(AND(HOUR(sensor_data[[#This Row],[Timestamp]])>=5, HOUR(sensor_data[[#This Row],[Timestamp]])<12), "Morning", IF(AND(HOUR(sensor_data[[#This Row],[Timestamp]])>=12, HOUR(sensor_data[[#This Row],[Timestamp]])<17), "Afternoon", IF(AND(HOUR(sensor_data[[#This Row],[Timestamp]])>=17, HOUR(sensor_data[[#This Row],[Timestamp]])<21), "Evening", "Night"))) -> Night | D138: =MONTH(sensor_data[[#This Row],[Timestamp]]) -> 8 | E138: =DAY(sensor_data[[#This Row],[Timestamp]]) -> 29 | F138: U493 | H138: 95.7 | I138: 44.1 | J138: FALSE | K138: 4 | L138: =IF(sensor_data[[#This Row],[HVAC Setting]]<=2, "Low", IF(sensor_data[[#This Row],[HVAC Setting]]=3, "Normal", "High")) -> High | M138: 22 | N138: 22 | O138: =(sensor_data[[#This Row],[Energy Consumption]]-AVERAGE(sensor_data[Energy Consumption]))/_xlfn.STDEV.P(sensor_data[Energy Consumption]) -> 0.0069600005 | P138: =IF(ABS(sensor_data[[#This Row],[z_zcore]])>3, "Outlier", "Normal") -> Normal | Q138: =AVERAGEIF(sensor_data[Unit ID], sensor_data[[#This Row],[Unit ID]], sensor_data[EC]) -> 19.563889 | R138: =IF(ISBLANK(sensor_data[[#This Row],[EC]]), sensor_data[[#This Row],[average]], sensor_data[[#This Row],[EC]]) -> 22 | S138: =IF(sensor_data[[#This Row],[Filled Energy Consumption]]>AVERAGE(sensor_data[Filled Energy Consumption]), "High", "Low") -> High | T138: T064 | U138: FALSE | V138: 8 | W138: 1 | X138: cooler
A139: 45480.426 | B139: =TEXT(sensor_data[[#This Row],[Timestamp]], "MMMM") -> July | C139: =IF(AND(HOUR(sensor_data[[#This Row],[Timestamp]])>=5, HOUR(sensor_data[[#This Row],[Timestamp]])<12), "Morning", IF(AND(HOUR(sensor_data[[#This Row],[Timestamp]])>=12, HOUR(sensor_data[[#This Row],[Timestamp]])<17), "Afternoon", IF(AND(HOUR(sensor_data[[#This Row],[Timestamp]])>=17, HOUR(sensor_data[[#This Row],[Timestamp]])<21), "Evening", "Night"))) -> Morning | D139: =MONTH(sensor_data[[#This Row],[Timestamp]]) -> 7 | E139: =DAY(sensor_data[[#This Row],[Timestamp]]) -> 7 | F139: U493 | H139: 92.2 | I139: 42.1 | J139: TRUE | K139: 3.5 | L139: =IF(sensor_data[[#This Row],[HVAC Setting]]<=2, "Low", IF(sensor_data[[#This Row],[HVAC Setting]]=3, "Normal", "High")) -> High | M139: 22.33 | N139: 22.33 | O139: =(sensor_data[[#This Row],[Energy Consumption]]-AVERAGE(sensor_data[Energy Consumption]))/_xlfn.STDEV.P(sensor_data[Energy Consumption]) -> 0.010797345 | P139: =IF(ABS(sensor_data[[#This Row],[z_zcore]])>3, "Outlier", "Normal") -> Normal | Q139: =AVERAGEIF(sensor_data[Unit ID], sensor_data[[#This Row],[Unit ID]], sensor_data[EC]) -> 19.563889 | R139: =IF(ISBLANK(sensor_data[[#This Row],[EC]]), sensor_data[[#This Row],[average]], sensor_data[[#This Row],[EC]]) -> 22.33 | S139: =IF(sensor_data[[#This Row],[Filled Energy Consumption]]>AVERAGE(sensor_data[Filled Energy Consumption]), "High", "Low") -> High | T139: T161 | U139: TRUE | V139: 9 | W139: 1 | X139: neutral
...

Sheet maintenance_logs
A1: Maintenance ID | B1: Unit ID | C1: Issue Type | D1: Resolution | E1: Log Date | F1: average EC
A2: M027 | B2: U001 | C2: HVAC failure | D2: Cleaning | E2: 45319.942 | F2: =AVERAGEIF(sensor_data[Unit ID], maintenance_logs[[#This Row],[Unit ID]],sensor_data!R:R) -> 15.251053
A3: M319 | B3: U001 | C3: HVAC failure | D3: Part replacement | E3: 45647.928 | F3: =AVERAGEIF(sensor_data[Unit ID], maintenance_logs[[#This Row],[Unit ID]],sensor_data!R:R) -> 15.251053
A4: M035 | B4: U002 | C4: Filter replacement | D4: Part replacement | E4: 45332.764 | F4: =AVERAGEIF(sensor_data[Unit ID], maintenance_logs[[#This Row],[Unit ID]],sensor_data!R:R) -> 20.743333
A5: M100 | B5: U002 | C5: HVAC failure | D5: Part replacement | E5: 45403.092 | F5: =AVERAGEIF(sensor_data[Unit ID], maintenance_logs[[#This Row],[Unit ID]],sensor_data!R:R) -> 20.743333
A6: M108 | B6: U002 | C6: HVAC failure | D6: Part replacement | E6: 45409.985 | F6: =AVERAGEIF(sensor_data[Unit ID], maintenance_logs[[#This Row],[Unit ID]],sensor_data!R:R) -> 20.743333
A7: M201 | B7: U006 | C7: Filter replacement | D7: Cleaning | E7: 45520.601 | F7: =AVERAGEIF(sensor_data[Unit ID], maintenance_logs[[#This Row],[Unit ID]],sensor_data!R:R) -> 18.3565
A8: M018 | B8: U007 | C8: Lighting fixture failure | D8: Cleaning | E8: 45312.31 | F8: =AVERAGEIF(sensor_data[Unit ID], maintenance_logs[[#This Row],[Unit ID]],sensor_data!R:R) -> 18.4135
A9: M020 | B9: U007 | C9: Filter replacement | D9: Part replacement | E9: 45314.894 | F9: =AVERAGEIF(sensor_data[Unit ID], maintenance_logs[[#This Row],[Unit ID]],sensor_data!R:R) -> 18.4135
A10: M142 | B10: U007 | C10: Filter replacement | D10: Part replacement | E10: 45439.078 | F10: =AVERAGEIF(sensor_data[Unit ID], maintenance_logs[[#This Row],[Unit ID]],sensor_data!R:R) -> 18.4135
A11: M127 | B11: U011 | C11: HVAC failure | D11: Part replacement | E11: 45421.56 | F11: =AVERAGEIF(sensor_data[Unit ID], maintenance_logs[[#This Row],[Unit ID]],sensor_data!R:R) -> 15.622447
A12: M114 | B12: U016 | C12: Thermostat failure | D12: Cleaning | E12: 45413.842 | F12: =AVERAGEIF(sensor_data[Unit ID], maintenance_logs[[#This Row],[Unit ID]],sensor_data!R:R) -> 17.309588
A13: M154 | B13: U020 | C13: Filter replacement | D13: Part replacement | E13: 45456.431 | F13: =AVERAGEIF(sensor_data[Unit ID], maintenance_logs[[#This Row],[Unit ID]],sensor_data!R:R) -> 18.670199
... A346: M313 | B346: U498 | C346: HVAC failure | D346: Part replacement | E346: 45643.103 | F346: =AVERAGEIF(sensor_data[Unit ID], maintenance_logs[[#This Row],[Unit ID]],sensor_data!R:R) -> 21.924265

Sheet Sheet1
A1: Total Energy Consumption | B1: =SUM(sensor_data!R:R) -> 71974.809
A2: Average HVAC Setting | B2: =AVERAGE(sensor_data!K:K) -> 3.051
A3: No of maintenace that occurred | B3: =COUNTA(maintenance_logs[Maintenance ID]) -> 345
A5: warmer | B5: cooler | C5: neutral
A6: =COUNTIF(sensor_data!X:X,"warmer") -> 1168 | B6: =COUNTIF(sensor_data!X:X, Sheet1!B5) -> 1160 | C6: =COUNTIF(sensor_data!X:X, Sheet1!C5) -> 1672

Sheet Maintenance - Dashboard

Sheet for Scatter Plot
A1: {=_xlfn.UNIQUE(sensor_data!F:F)} -> Unit ID | B1: Average HVAC Setting | C1: Avg EC | D1: Time spent in unit
A2: U327 | B2: =AVERAGEIF(sensor_data[Unit ID], 'for Scatter Plot'!A2, sensor_data!K:K) -> 3.0789474 | C2: =AVERAGEIF(sensor_data[Unit ID], 'for Scatter Plot'!A2, sensor_data[Filled Energy Consumption]) -> 18.586667 | D2: =AVERAGEIF(sensor_data[Unit ID], 'for Scatter Plot'!A2, sensor_data[Time Spent in Unit (Hours)]) -> 15
A3: U323 | B3: =AVERAGEIF(sensor_data[Unit ID], 'for Scatter Plot'!A3, sensor_data!K:K) -> 3.1 | C3: =AVERAGEIF(sensor_data[Unit ID], 'for Scatter Plot'!A3, sensor_data[Filled Energy Consumption]) -> 18.5915 | D3: =AVERAGEIF(sensor_data[Unit ID], 'for Scatter Plot'!A3, sensor_data[Time Spent in Unit (Hours)]) -> 13.45
A4: U403 | B4: =AVERAGEIF(sensor_data[Unit ID], 'for Scatter Plot'!A4, sensor_data!K:K) -> 2.825 | C4: =AVERAGEIF(sensor_data[Unit ID], 'for Scatter Plot'!A4, sensor_data[Filled Energy Consumption]) -> 14.997059 | D4: =AVERAGEIF(sensor_data[Unit ID], 'for Scatter Plot'!A4, sensor_data[Time Spent in Unit (Hours)]) -> 14.65
A5: U293 | B5: =AVERAGEIF(sensor_data[Unit ID], 'for Scatter Plot'!A5, sensor_data!K:K) -> 2.8 | C5: =AVERAGEIF(sensor_data[Unit ID], 'for Scatter Plot'!A5, sensor_data[Filled Energy Consumption]) -> 16.371579 | D5: =AVERAGEIF(sensor_data[Unit ID], 'for Scatter Plot'!A5, sensor_data[Time Spent in Unit (Hours)]) -> 12.6
A6: U156 | B6: =AVERAGEIF(sensor_data[Unit ID], 'for Scatter Plot'!A6, sensor_data!K:K) -> 3.225 | C6: =AVERAGEIF(sensor_data[Unit ID], 'for Scatter Plot'!A6, sensor_data[Filled Energy Consumption]) -> 17.989474 | D6: =AVERAGEIF(sensor_data[Unit ID], 'for Scatter Plot'!A6, sensor_data[Time Spent in Unit (Hours)]) -> 12.9
A7: U337 | B7: =AVERAGEIF(sensor_data[Unit ID], 'for Scatter Plot'!A7, sensor_data!K:K) -> 3.1 | C7: =AVERAGEIF(sensor_data[Unit ID], 'for Scatter Plot'!A7, sensor_data[Filled Energy Consumption]) -> 18.635946 | D7: =AVERAGEIF(sensor_data[Unit ID], 'for Scatter Plot'!A7, sensor_data[Time Spent in Unit (Hours)]) -> 12
A8: U493 | B8: =AVERAGEIF(sensor_data[Unit ID], 'for Scatter Plot'!A8, sensor_data!K:K) -> 3.3 | C8: =AVERAGEIF(sensor_data[Unit ID], 'for Scatter Plot'!A8, sensor_data[Filled Energy Consumption]) -> 19.563889 | D8: =AVERAGEIF(sensor_data[Unit ID], 'for Scatter Plot'!A8, sensor_data[Time Spent in Unit (Hours)]) -> 13.2
A9: U297 | B9: =AVERAGEIF(sensor_data[Unit ID], 'for Scatter Plot'!A9, sensor_data!K:K) -> 2.8875 | C9: =AVERAGEIF(sensor_data[Unit ID], 'for Scatter Plot'!A9, sensor_data[Filled Energy Consumption]) -> 17.145 | D9: =AVERAGEIF(sensor_data[Unit ID], 'for Scatter Plot'!A9, sensor_data[Time Spent in Unit (Hours)]) -> 13.25
A10: U470 | B10: =AVERAGEIF(sensor_data[Unit ID], 'for Scatter Plot'!A10, sensor_data!K:K) -> 3.625 | C10: =AVERAGEIF(sensor_data[Unit ID], 'for Scatter Plot'!A10, sensor_data[Filled Energy Consumption]) -> 20.927647 | D10: =AVERAGEIF(sensor_data[Unit ID], 'for Scatter Plot'!A10, sensor_data[Time Spent in Unit (Hours)]) -> 11.9
A11: U309 | B11: =AVERAGEIF(sensor_data[Unit ID], 'for Scatter Plot'!A11, sensor_data!K:K) -> 2.85 | C11: =AVERAGEIF(sensor_data[Unit ID], 'for Scatter Plot'!A11, sensor_data[Filled Energy Consumption]) -> 16.34 | D11: =AVERAGEIF(sensor_data[Unit ID], 'for Scatter Plot'!A11, sensor_data[Time Spent in Unit (Hours)]) -> 12.5
A12: U124 | B12: =AVERAGEIF(sensor_data[Unit ID], 'for Scatter Plot'!A12, sensor_data!K:K) -> 3.2 | C12: =AVERAGEIF(sensor_data[Unit ID], 'for Scatter Plot'!A12, sensor_data[Filled Energy Consumption]) -> 18.91 | D12: =AVERAGEIF(sensor_data[Unit ID], 'for Scatter Plot'!A12, sensor_data[Time Spent in Unit (Hours)]) -> 12.2
A13: U410 | B13: =AVERAGEIF(sensor_data[Unit ID], 'for Scatter Plot'!A13, sensor_data!K:K) -> 2.85 | C13: =AVERAGEIF(sensor_data[Unit ID], 'for Scatter Plot'!A13, sensor_data[Filled Energy Consumption]) -> 17.293684 | D13: =AVERAGEIF(sensor_data[Unit ID], 'for Scatter Plot'!A13, sensor_data[Time Spent in Unit (Hours)]) -> 10.9
... A171: U092 | B171: =AVERAGEIF(sensor_data[Unit ID], 'for Scatter Plot'!A171, sensor_data!K:K) -> 3.3 | C171: =AVERAGEIF(sensor_data[Unit ID], 'for Scatter Plot'!A171, sensor_data[Filled Energy Consumption]) -> 19.942632 | D171: =AVERAGEIF(sensor_data[Unit ID], 'for Scatter Plot'!A171, sensor_data[Time Spent in Unit (Hours)]) -> 13.5
A172: 0 | B172: =AVERAGEIF(sensor_data[Unit ID], 'for Scatter Plot'!A172, sensor_data!K:K) -> #DIV/0! | C172: =AVERAGEIF(sensor_data[Unit ID], 'for Scatter Plot'!A172, sensor_data[Filled Energy Consumption]) -> #DIV/0! | D172: =AVERAGEIF(sensor_data[Unit ID], 'for Scatter Plot'!A172, sensor_data[Time Spent in Unit (Hours)]) -> #DIV/0!

Sheet Sheet2

Sheet Overview Dashboard
